#format: frame checksums
#version: 2
#hash: MD5
#software: Lavf61.7.100
#tb 0: 1/60
#media_type 0: video
#codec_id 0: rawvideo
#dimensions 0: 1920x1080
#sar 0: 1/1
#stream#, dts,        pts, duration,     size, hash
0,          0,          0,        1,  3110400, 0f1b8a6decd07a56e066dffeb531e144
0,          1,          1,        1,  3110400, 0f1b8a6decd07a56e066dffeb531e144
0,          2,          2,        1,  3110400, 0f1b8a6decd07a56e066dffeb531e144
0,          3,          3,        1,  3110400, 0f1b8a6decd07a56e066dffeb531e144
0,          4,          4,        1,  3110400, 0f1b8a6decd07a56e066dffeb531e144
0,          5,          5,        1,  3110400, 0f1b8a6decd07a56e066dffeb531e144
0,          6,          6,        1,  3110400, 0f1b8a6decd07a56e066dffeb531e144
0,          7,          7,        1,  3110400, 0f1b8a6decd07a56e066dffeb531e144
0,          8,          8,        1,  3110400, 0f1b8a6decd07a56e066dffeb531e144
0,          9,          9,        1,  3110400, 0f1b8a6decd07a56e066dffeb531e144
0,         10,         10,        1,  3110400, 0f1b8a6decd07a56e066dffeb531e144
0,         11,         11,        1,  3110400, 0f1b8a6decd07a56e066dffeb531e144
0,         12,         12,        1,  3110400, 0f1b8a6decd07a56e066dffeb531e144
0,         13,         13,        1,  3110400, 0f1b8a6decd07a56e066dffeb531e144
0,         14,         14,        1,  3110400, 0f1b8a6decd07a56e066dffeb531e144
0,         15,         15,        1,  3110400, 0f1b8a6decd07a56e066dffeb531e144
0,         16,         16,        1,  3110400, 0f1b8a6decd07a56e066dffeb531e144
0,         17,         17,        1,  3110400, 0f1b8a6decd07a56e066dffeb531e144
0,         18,         18,        1,  3110400, 0f1b8a6decd07a56e066dffeb531e144
0,         19,         19,        1,  3110400, 0f1b8a6decd07a56e066dffeb531e144
0,         20,         20,        1,  3110400, 0f1b8a6decd07a56e066dffeb531e144
0,         21,         21,        1,  3110400, 0f1b8a6decd07a56e066dffeb531e144
0,         22,         22,        1,  3110400, 0f1b8a6decd07a56e066dffeb531e144
0,         23,         23,        1,  3110400, 0f1b8a6decd07a56e066dffeb531e144
0,         24,         24,        1,  3110400, 0f1b8a6decd07a56e066dffeb531e144
0,         25,         25,        1,  3110400, 0f1b8a6decd07a56e066dffeb531e144
0,         26,         26,        1,  3110400, 0f1b8a6decd07a56e066dffeb531e144
0,         27,         27,        1,  3110400, 0f1b8a6decd07a56e066dffeb531e144
0,         28,         28,        1,  3110400, 0f1b8a6decd07a56e066dffeb531e144
0,         29,         29,        1,  3110400, 0f1b8a6decd07a56e066dffeb531e144
0,         30,         30,        1,  3110400, 0f1b8a6decd07a56e066dffeb531e144
0,         31,         31,        1,  3110400, 0f1b8a6decd07a56e066dffeb531e144
0,         32,         32,        1,  3110400, 0f1b8a6decd07a56e066dffeb531e144
0,         33,         33,        1,  3110400, 0f1b8a6decd07a56e066dffeb531e144
0,         34,         34,        1,  3110400, 0f1b8a6decd07a56e066dffeb531e144
0,         35,         35,        1,  3110400, a5205aaf65ec3f8a3cf58c38d934fc31
0,         36,         36,        1,  3110400, a5205aaf65ec3f8a3cf58c38d934fc31
0,         37,         37,        1,  3110400, a5205aaf65ec3f8a3cf58c38d934fc31
0,         38,         38,        1,  3110400, a5205aaf65ec3f8a3cf58c38d934fc31
0,         39,         39,        1,  3110400, a5205aaf65ec3f8a3cf58c38d934fc31
0,         40,         40,        1,  3110400, a5205aaf65ec3f8a3cf58c38d934fc31
0,         41,         41,        1,  3110400, a5205aaf65ec3f8a3cf58c38d934fc31
0,         42,         42,        1,  3110400, a5205aaf65ec3f8a3cf58c38d934fc31
0,         43,         43,        1,  3110400, a5205aaf65ec3f8a3cf58c38d934fc31
0,         44,         44,        1,  3110400, a5205aaf65ec3f8a3cf58c38d934fc31
0,         45,         45,        1,  3110400, a5205aaf65ec3f8a3cf58c38d934fc31
0,         46,         46,        1,  3110400, a5205aaf65ec3f8a3cf58c38d934fc31
0,         47,         47,        1,  3110400, a5205aaf65ec3f8a3cf58c38d934fc31
0,         48,         48,        1,  3110400, a5205aaf65ec3f8a3cf58c38d934fc31
0,         49,         49,        1,  3110400, a5205aaf65ec3f8a3cf58c38d934fc31
0,         50,         50,        1,  3110400, a5205aaf65ec3f8a3cf58c38d934fc31
0,         51,         51,        1,  3110400, a5205aaf65ec3f8a3cf58c38d934fc31
0,         52,         52,        1,  3110400, a5205aaf65ec3f8a3cf58c38d934fc31
0,         53,         53,        1,  3110400, a5205aaf65ec3f8a3cf58c38d934fc31
0,         54,         54,        1,  3110400, a5205aaf65ec3f8a3cf58c38d934fc31
0,         55,         55,        1,  3110400, a5205aaf65ec3f8a3cf58c38d934fc31
0,         56,         56,        1,  3110400, a5205aaf65ec3f8a3cf58c38d934fc31
0,         57,         57,        1,  3110400, a5205aaf65ec3f8a3cf58c38d934fc31
0,         58,         58,        1,  3110400, a5205aaf65ec3f8a3cf58c38d934fc31
0,         59,         59,        1,  3110400, a5205aaf65ec3f8a3cf58c38d934fc31
0,         60,         60,        1,  3110400, a5205aaf65ec3f8a3cf58c38d934fc31
0,         61,         61,        1,  3110400, a5205aaf65ec3f8a3cf58c38d934fc31
0,         62,         62,        1,  3110400, a5205aaf65ec3f8a3cf58c38d934fc31
0,         63,         63,        1,  3110400, a5205aaf65ec3f8a3cf58c38d934fc31
0,         64,         64,        1,  3110400, a5205aaf65ec3f8a3cf58c38d934fc31
0,         65,         65,        1,  3110400, a5205aaf65ec3f8a3cf58c38d934fc31
0,         66,         66,        1,  3110400, a5205aaf65ec3f8a3cf58c38d934fc31
0,         67,         67,        1,  3110400, a5205aaf65ec3f8a3cf58c38d934fc31
0,         68,         68,        1,  3110400, a5205aaf65ec3f8a3cf58c38d934fc31
0,         69,         69,        1,  3110400, a5205aaf65ec3f8a3cf58c38d934fc31
0,         70,         70,        1,  3110400, a5205aaf65ec3f8a3cf58c38d934fc31
0,         71,         71,        1,  3110400, a5205aaf65ec3f8a3cf58c38d934fc31
0,         72,         72,        1,  3110400, a5205aaf65ec3f8a3cf58c38d934fc31
0,         73,         73,        1,  3110400, a5205aaf65ec3f8a3cf58c38d934fc31
0,         74,         74,        1,  3110400, a5205aaf65ec3f8a3cf58c38d934fc31
0,         75,         75,        1,  3110400, a5205aaf65ec3f8a3cf58c38d934fc31
0,         76,         76,        1,  3110400, a5205aaf65ec3f8a3cf58c38d934fc31
0,         77,         77,        1,  3110400, a5205aaf65ec3f8a3cf58c38d934fc31
0,         78,         78,        1,  3110400, a5205aaf65ec3f8a3cf58c38d934fc31
0,         79,         79,        1,  3110400, a5205aaf65ec3f8a3cf58c38d934fc31
0,         80,         80,        1,  3110400, a5205aaf65ec3f8a3cf58c38d934fc31
0,         81,         81,        1,  3110400, a5205aaf65ec3f8a3cf58c38d934fc31
0,         82,         82,        1,  3110400, a5205aaf65ec3f8a3cf58c38d934fc31
0,         83,         83,        1,  3110400, a5205aaf65ec3f8a3cf58c38d934fc31
0,         84,         84,        1,  3110400, a5205aaf65ec3f8a3cf58c38d934fc31
0,         85,         85,        1,  3110400, a5205aaf65ec3f8a3cf58c38d934fc31
0,         86,         86,        1,  3110400, a5205aaf65ec3f8a3cf58c38d934fc31
0,         87,         87,        1,  3110400, a5205aaf65ec3f8a3cf58c38d934fc31
0,         88,         88,        1,  3110400, a5205aaf65ec3f8a3cf58c38d934fc31
0,         89,         89,        1,  3110400, a5205aaf65ec3f8a3cf58c38d934fc31
0,         90,         90,        1,  3110400, a5205aaf65ec3f8a3cf58c38d934fc31
0,         91,         91,        1,  3110400, a5205aaf65ec3f8a3cf58c38d934fc31
0,         92,         92,        1,  3110400, a5205aaf65ec3f8a3cf58c38d934fc31
0,         93,         93,        1,  3110400, a5205aaf65ec3f8a3cf58c38d934fc31
0,         94,         94,        1,  3110400, a5205aaf65ec3f8a3cf58c38d934fc31
0,         95,         95,        1,  3110400, a5205aaf65ec3f8a3cf58c38d934fc31
0,         96,         96,        1,  3110400, a5205aaf65ec3f8a3cf58c38d934fc31
0,         97,         97,        1,  3110400, a5205aaf65ec3f8a3cf58c38d934fc31
0,         98,         98,        1,  3110400, a5205aaf65ec3f8a3cf58c38d934fc31
0,         99,         99,        1,  3110400, a5205aaf65ec3f8a3cf58c38d934fc31
0,        100,        100,        1,  3110400, a5205aaf65ec3f8a3cf58c38d934fc31
0,        101,        101,        1,  3110400, a5205aaf65ec3f8a3cf58c38d934fc31
0,        102,        102,        1,  3110400, a5205aaf65ec3f8a3cf58c38d934fc31
0,        103,        103,        1,  3110400, a5205aaf65ec3f8a3cf58c38d934fc31
0,        104,        104,        1,  3110400, a5205aaf65ec3f8a3cf58c38d934fc31
0,        105,        105,        1,  3110400, a5205aaf65ec3f8a3cf58c38d934fc31
0,        106,        106,        1,  3110400, a5205aaf65ec3f8a3cf58c38d934fc31
0,        107,        107,        1,  3110400, a5205aaf65ec3f8a3cf58c38d934fc31
0,        108,        108,        1,  3110400, a5205aaf65ec3f8a3cf58c38d934fc31
0,        109,        109,        1,  3110400, a5205aaf65ec3f8a3cf58c38d934fc31
0,        110,        110,        1,  3110400, a5205aaf65ec3f8a3cf58c38d934fc31
0,        111,        111,        1,  3110400, a5205aaf65ec3f8a3cf58c38d934fc31
0,        112,        112,        1,  3110400, a5205aaf65ec3f8a3cf58c38d934fc31
0,        113,        113,        1,  3110400, a5205aaf65ec3f8a3cf58c38d934fc31
0,        114,        114,        1,  3110400, a5205aaf65ec3f8a3cf58c38d934fc31
0,        115,        115,        1,  3110400, a5205aaf65ec3f8a3cf58c38d934fc31
0,        116,        116,        1,  3110400, a5205aaf65ec3f8a3cf58c38d934fc31
0,        117,        117,        1,  3110400, a5205aaf65ec3f8a3cf58c38d934fc31
0,        118,        118,        1,  3110400, a5205aaf65ec3f8a3cf58c38d934fc31
0,        119,        119,        1,  3110400, a5205aaf65ec3f8a3cf58c38d934fc31
0,        120,        120,        1,  3110400, a5205aaf65ec3f8a3cf58c38d934fc31
0,        121,        121,        1,  3110400, a5205aaf65ec3f8a3cf58c38d934fc31
0,        122,        122,        1,  3110400, a5205aaf65ec3f8a3cf58c38d934fc31
0,        123,        123,        1,  3110400, a5205aaf65ec3f8a3cf58c38d934fc31
0,        124,        124,        1,  3110400, a5205aaf65ec3f8a3cf58c38d934fc31
0,        125,        125,        1,  3110400, a5205aaf65ec3f8a3cf58c38d934fc31
0,        126,        126,        1,  3110400, a5205aaf65ec3f8a3cf58c38d934fc31
0,        127,        127,        1,  3110400, a5205aaf65ec3f8a3cf58c38d934fc31
0,        128,        128,        1,  3110400, a5205aaf65ec3f8a3cf58c38d934fc31
0,        129,        129,        1,  3110400, a5205aaf65ec3f8a3cf58c38d934fc31
0,        130,        130,        1,  3110400, a5205aaf65ec3f8a3cf58c38d934fc31
0,        131,        131,        1,  3110400, a5205aaf65ec3f8a3cf58c38d934fc31
0,        132,        132,        1,  3110400, a5205aaf65ec3f8a3cf58c38d934fc31
0,        133,        133,        1,  3110400, a5205aaf65ec3f8a3cf58c38d934fc31
0,        134,        134,        1,  3110400, a5205aaf65ec3f8a3cf58c38d934fc31
0,        135,        135,        1,  3110400, a5205aaf65ec3f8a3cf58c38d934fc31
0,        136,        136,        1,  3110400, a5205aaf65ec3f8a3cf58c38d934fc31
0,        137,        137,        1,  3110400, a5205aaf65ec3f8a3cf58c38d934fc31
0,        138,        138,        1,  3110400, a5205aaf65ec3f8a3cf58c38d934fc31
0,        139,        139,        1,  3110400, a5205aaf65ec3f8a3cf58c38d934fc31
0,        140,        140,        1,  3110400, a5205aaf65ec3f8a3cf58c38d934fc31
0,        141,        141,        1,  3110400, a5205aaf65ec3f8a3cf58c38d934fc31
0,        142,        142,        1,  3110400, a5205aaf65ec3f8a3cf58c38d934fc31
0,        143,        143,        1,  3110400, a5205aaf65ec3f8a3cf58c38d934fc31
0,        144,        144,        1,  3110400, a5205aaf65ec3f8a3cf58c38d934fc31
0,        145,        145,        1,  3110400, a5205aaf65ec3f8a3cf58c38d934fc31
0,        146,        146,        1,  3110400, a5205aaf65ec3f8a3cf58c38d934fc31
0,        147,        147,        1,  3110400, a5205aaf65ec3f8a3cf58c38d934fc31
0,        148,        148,        1,  3110400, a5205aaf65ec3f8a3cf58c38d934fc31
0,        149,        149,        1,  3110400, a5205aaf65ec3f8a3cf58c38d934fc31
0,        150,        150,        1,  3110400, a5205aaf65ec3f8a3cf58c38d934fc31
0,        151,        151,        1,  3110400, a5205aaf65ec3f8a3cf58c38d934fc31
0,        152,        152,        1,  3110400, a5205aaf65ec3f8a3cf58c38d934fc31
0,        153,        153,        1,  3110400, a5205aaf65ec3f8a3cf58c38d934fc31
0,        154,        154,        1,  3110400, a5205aaf65ec3f8a3cf58c38d934fc31
0,        155,        155,        1,  3110400, a5205aaf65ec3f8a3cf58c38d934fc31
0,        156,        156,        1,  3110400, a5205aaf65ec3f8a3cf58c38d934fc31
0,        157,        157,        1,  3110400, a5205aaf65ec3f8a3cf58c38d934fc31
0,        158,        158,        1,  3110400, a5205aaf65ec3f8a3cf58c38d934fc31
0,        159,        159,        1,  3110400, a5205aaf65ec3f8a3cf58c38d934fc31
0,        160,        160,        1,  3110400, a5205aaf65ec3f8a3cf58c38d934fc31
0,        161,        161,        1,  3110400, a5205aaf65ec3f8a3cf58c38d934fc31
0,        162,        162,        1,  3110400, a5205aaf65ec3f8a3cf58c38d934fc31
0,        163,        163,        1,  3110400, a5205aaf65ec3f8a3cf58c38d934fc31
0,        164,        164,        1,  3110400, a5205aaf65ec3f8a3cf58c38d934fc31
0,        165,        165,        1,  3110400, a5205aaf65ec3f8a3cf58c38d934fc31
0,        166,        166,        1,  3110400, a5205aaf65ec3f8a3cf58c38d934fc31
0,        167,        167,        1,  3110400, a5205aaf65ec3f8a3cf58c38d934fc31
0,        168,        168,        1,  3110400, a5205aaf65ec3f8a3cf58c38d934fc31
0,        169,        169,        1,  3110400, a5205aaf65ec3f8a3cf58c38d934fc31
0,        170,        170,        1,  3110400, a5205aaf65ec3f8a3cf58c38d934fc31
0,        171,        171,        1,  3110400, a5205aaf65ec3f8a3cf58c38d934fc31
0,        172,        172,        1,  3110400, a5205aaf65ec3f8a3cf58c38d934fc31
0,        173,        173,        1,  3110400, a5205aaf65ec3f8a3cf58c38d934fc31
0,        174,        174,        1,  3110400, a5205aaf65ec3f8a3cf58c38d934fc31
0,        175,        175,        1,  3110400, a5205aaf65ec3f8a3cf58c38d934fc31
0,        176,        176,        1,  3110400, a5205aaf65ec3f8a3cf58c38d934fc31
0,        177,        177,        1,  3110400, a5205aaf65ec3f8a3cf58c38d934fc31
0,        178,        178,        1,  3110400, a5205aaf65ec3f8a3cf58c38d934fc31
0,        179,        179,        1,  3110400, a5205aaf65ec3f8a3cf58c38d934fc31
0,        180,        180,        1,  3110400, a5205aaf65ec3f8a3cf58c38d934fc31
0,        181,        181,        1,  3110400, a5205aaf65ec3f8a3cf58c38d934fc31
0,        182,        182,        1,  3110400, a5205aaf65ec3f8a3cf58c38d934fc31
0,        183,        183,        1,  3110400, a5205aaf65ec3f8a3cf58c38d934fc31
0,        184,        184,        1,  3110400, a5205aaf65ec3f8a3cf58c38d934fc31
0,        185,        185,        1,  3110400, a5205aaf65ec3f8a3cf58c38d934fc31
0,        186,        186,        1,  3110400, a5205aaf65ec3f8a3cf58c38d934fc31
0,        187,        187,        1,  3110400, a5205aaf65ec3f8a3cf58c38d934fc31
0,        188,        188,        1,  3110400, a5205aaf65ec3f8a3cf58c38d934fc31
0,        189,        189,        1,  3110400, a5205aaf65ec3f8a3cf58c38d934fc31
0,        190,        190,        1,  3110400, a5205aaf65ec3f8a3cf58c38d934fc31
0,        191,        191,        1,  3110400, a5205aaf65ec3f8a3cf58c38d934fc31
0,        192,        192,        1,  3110400, a5205aaf65ec3f8a3cf58c38d934fc31
0,        193,        193,        1,  3110400, a5205aaf65ec3f8a3cf58c38d934fc31
0,        194,        194,        1,  3110400, a5205aaf65ec3f8a3cf58c38d934fc31
0,        195,        195,        1,  3110400, a5205aaf65ec3f8a3cf58c38d934fc31
0,        196,        196,        1,  3110400, 0cee9a2627d77bfb40b8b78989a5227b
0,        197,        197,        1,  3110400, 0cee9a2627d77bfb40b8b78989a5227b
0,        198,        198,        1,  3110400, 0cee9a2627d77bfb40b8b78989a5227b
0,        199,        199,        1,  3110400, 0cee9a2627d77bfb40b8b78989a5227b
0,        200,        200,        1,  3110400, 0cee9a2627d77bfb40b8b78989a5227b
0,        201,        201,        1,  3110400, f91401c101feb524bc1b3cd0417dd065
0,        202,        202,        1,  3110400, 7f419e04d54d56cf36e0567895c752da
0,        203,        203,        1,  3110400, a23c1288eb0df556c2c6044fe44a76e9
0,        204,        204,        1,  3110400, d61266b954ecf2ee652a0f95a0a1ff45
0,        205,        205,        1,  3110400, a2bfee04b1bc702c519fbcf2caa018f8
0,        206,        206,        1,  3110400, 7e1cb25c084de319d227f6e55cfaa9fb
0,        207,        207,        1,  3110400, 36cd1c667fce57b70ecea14c8db98a4c
0,        208,        208,        1,  3110400, 076c6f1a291c53b9f58284895c37075b
0,        209,        209,        1,  3110400, e86a97848fbea9125c10ab57330361cb
0,        210,        210,        1,  3110400, 494a251e51afc94466a80e72d5959f69
0,        211,        211,        1,  3110400, fc288ab0c59683b86ae7d0a471d4aa63
0,        212,        212,        1,  3110400, bf886726908ee36a838bb4130799f9a5
0,        213,        213,        1,  3110400, 2a8a2c66ad480eb187c5f1ac9bd22ec7
0,        214,        214,        1,  3110400, a0b6733f2406bbe67a7e2f6780a484e7
0,        215,        215,        1,  3110400, 3b83c59b7a938738116e9d80df9c7633
0,        216,        216,        1,  3110400, fa1a63ab26a874e9203b08d019cd8a6b
0,        217,        217,        1,  3110400, fd18f1c03b54537ef61d4a9e8852458f
0,        218,        218,        1,  3110400, a6e2df153ea5d8bad563e6c14bc87f23
0,        219,        219,        1,  3110400, 9e613ddd9491cf29c0edbd31a7030e00
0,        220,        220,        1,  3110400, de30563957aa33530969278044babaa2
0,        221,        221,        1,  3110400, 5a20d9faf270ccbfeb41f0a7f8f5e0ac
0,        222,        222,        1,  3110400, 81475c6fa782491a0a40d258dd49d94d
0,        223,        223,        1,  3110400, 168f9a2a01e09d48f28f64b9315b972f
0,        224,        224,        1,  3110400, dec00115a691cc82a27babca4d0c7ebf
0,        225,        225,        1,  3110400, 7d66c743a7ffac95b2352474d5badbce
0,        226,        226,        1,  3110400, a9f147c58b7a18e95d0ace4055be71e2
0,        227,        227,        1,  3110400, 4546b52e39819aaf57be2a2af73a69fe
0,        228,        228,        1,  3110400, ed4c7799b2d8a23cf18ef3bbe6914fe3
0,        229,        229,        1,  3110400, 3cb8c508ecd991a2306b13c83e82cf72
0,        230,        230,        1,  3110400, 3cb8c508ecd991a2306b13c83e82cf72
0,        231,        231,        1,  3110400, 17dad2da6a6167abc7f89e3c78167f2e
0,        232,        232,        1,  3110400, 5493730b1a86370b11efece410b55e0a
0,        233,        233,        1,  3110400, e9f73edea3630c409af085e47237c879
0,        234,        234,        1,  3110400, 90e7c3e2fd56a3905f89bdecb7284577
0,        235,        235,        1,  3110400, dcfbb3759ac7ebe9339a9ce7d1df89d8
0,        236,        236,        1,  3110400, d427ad2b7fa450187ed1d9f430a88964
0,        237,        237,        1,  3110400, 69d8cb741d2f90339150dcbcca12910b
0,        238,        238,        1,  3110400, 51d7597bf59346a56450395ce82c8a5a
0,        239,        239,        1,  3110400, 5b595232466c5fce5b083d7b223a9a01
0,        240,        240,        1,  3110400, 6b6c4a5cbf518aae78c3c3353da5586f
0,        241,        241,        1,  3110400, 3bc6c3fb5689b035caaacba8430c8892
0,        242,        242,        1,  3110400, 37941b8ac1caec17f4efa88612e601b0
0,        243,        243,        1,  3110400, 8d42ce30d8b80696c9b56be223a5f4c8
0,        244,        244,        1,  3110400, a149f4a5588f3cfd154d94031b912bac
0,        245,        245,        1,  3110400, 46ed8b470fdce7b6affe3d2c8e491711
0,        246,        246,        1,  3110400, 9a24e19566f70d1c4a031aef8b08d8af
0,        247,        247,        1,  3110400, 12ab27c2854d32156a26613a360deaac
0,        248,        248,        1,  3110400, c4a19c690936b3c069a4799172260c87
0,        249,        249,        1,  3110400, 17a29e10e70515f23435126dad5bcf3e
0,        250,        250,        1,  3110400, b17ecaaa3b2c71dfd1909938d5d77b46
0,        251,        251,        1,  3110400, 45be7c6b03916eb901c393c2b3ef2195
0,        252,        252,        1,  3110400, fd4beb32729998074a3e4a8c5f8f8388
0,        253,        253,        1,  3110400, b4004829b073835fac8fdcf425054b17
0,        254,        254,        1,  3110400, b4004829b073835fac8fdcf425054b17
0,        255,        255,        1,  3110400, 17f6d7c9c58d0faf58ca77b1f60d5bb3
0,        256,        256,        1,  3110400, ef43fee4d09ea94d9602e17b159d1e7b
0,        257,        257,        1,  3110400, 90e236bd4f9cd10036ec2db0ee8ba679
0,        258,        258,        1,  3110400, ca187e7efc4a4868d206d7e894c6c809
0,        259,        259,        1,  3110400, bacb19d5866d093203b1ae5c153e02ff
0,        260,        260,        1,  3110400, 8604c9799fcdc94ecda36115463c9e3a
0,        261,        261,        1,  3110400, eea2bb18405fd19ce56e97deaa856f69
0,        262,        262,        1,  3110400, a7d59a59ac208d2bf0f4882ee57146d7
0,        263,        263,        1,  3110400, 1951b8c7366c12b362417415d5d18af0
0,        264,        264,        1,  3110400, f7116ab7a0908ff5cff763aeed66851e
0,        265,        265,        1,  3110400, d0b345759a3aac498c1210d544b4bb19
0,        266,        266,        1,  3110400, 3c71bc823e7d05ea616d2c5c83f864a4
0,        267,        267,        1,  3110400, 89e86c6bddde44b598090f6324df3c94
0,        268,        268,        1,  3110400, b938f42f969c2f32b87fcea8e873146d
0,        269,        269,        1,  3110400, 85ca2f4a01b8e03f736c2a3c86573bce
0,        270,        270,        1,  3110400, 34160ef3cbeeae8b43a3b2fefaa1dd6c
0,        271,        271,        1,  3110400, 6d0f7d699ad6f9b45c071d9f5c82e24d
0,        272,        272,        1,  3110400, 25431b759f7e574861252887a081db7c
0,        273,        273,        1,  3110400, b305027940c9ac000cf18cd107292452
0,        274,        274,        1,  3110400, c6c8d341a4e393672b9959c85d999434
0,        275,        275,        1,  3110400, feef0b21edddb3671be03525b63fba75
0,        276,        276,        1,  3110400, a261b24e148dba9605dd5c474827994b
0,        277,        277,        1,  3110400, f77c36c807550ec3db3ba0b8707f52b6
0,        278,        278,        1,  3110400, 8059f32d22cbcf6a2da613b4bc60483e
0,        279,        279,        1,  3110400, ab9fa2b513a32e2725b7044657575eff
0,        280,        280,        1,  3110400, 5a68be057f10ad33513b5b4245e7f717
0,        281,        281,        1,  3110400, 327e8bd40f20a0e140b7b3ae05aac659
0,        282,        282,        1,  3110400, d6dfe04f1577c671d9fb7f4c5883e3f6
0,        283,        283,        1,  3110400, d9b73577943c79adcc3ac7049f585513
0,        284,        284,        1,  3110400, 9a48db4b521ceb4294b650cc2100786b
0,        285,        285,        1,  3110400, 0471817370b623eb9683ce83c0dfb663
0,        286,        286,        1,  3110400, a0f72d3b8f53cfeaaebe30b42437968a
0,        287,        287,        1,  3110400, 47e9c9fd19712d472548cfad9554634d
0,        288,        288,        1,  3110400, b1db856888da07318a005ea6eefd3891
0,        289,        289,        1,  3110400, cb44eec3906f3ed02da44c634e92e212
0,        290,        290,        1,  3110400, b5c3986d274797777acd6c2230d531db
0,        291,        291,        1,  3110400, f759627d1648a239c01716e3fc4d290b
0,        292,        292,        1,  3110400, 54539c9225678a850b74c2bb4783b614
0,        293,        293,        1,  3110400, 34e9b1eca69afa8b899bb89dbe6bdfc2
0,        294,        294,        1,  3110400, 3e37c70461e46b4457726249648eca4c
0,        295,        295,        1,  3110400, 93e6f4c1fa5eafa3979b99b3b62f0e05
0,        296,        296,        1,  3110400, c523baa8852ce923c30ad727d4287802
0,        297,        297,        1,  3110400, 666f881b3f64c461f17f977f53977926
0,        298,        298,        1,  3110400, d771fb25fc479d16debad555c67a1ca0
0,        299,        299,        1,  3110400, 45e406effff25d0d2a9475a423be9e0c
0,        300,        300,        1,  3110400, e8a6fe2f474f219b080c68882d162104
0,        301,        301,        1,  3110400, e43efe3ca27e8a9aafc9621d2d94e8f7
0,        302,        302,        1,  3110400, 72c98d95e63bef86ff3de9b83a7ce6de
0,        303,        303,        1,  3110400, 8977bb59f00c08e23b49c5776227d0b2
0,        304,        304,        1,  3110400, 673bac785d62de71f6db475d0be0115a
0,        305,        305,        1,  3110400, e7fe31f48724b933d97c2e97a5064700
0,        306,        306,        1,  3110400, 12a21e0fbff4d0fa5092bbe1e8d54dd6
0,        307,        307,        1,  3110400, 7055b266c2f537e26ee72ac9db070497
0,        308,        308,        1,  3110400, 5f3e29126f8e03cbee32b70fde647295
0,        309,        309,        1,  3110400, 00629f18acd2843d81d3fea2de7d4e3a
0,        310,        310,        1,  3110400, 288a18b7c7433adc475ae0c3ab98e0c6
0,        311,        311,        1,  3110400, 87dd50c7add8352db4604119b085d6ee
0,        312,        312,        1,  3110400, 51b406877235819878da9dbfb3a68e5e
0,        313,        313,        1,  3110400, 304bf1da0ea37fd314bb0d8ae5fa6e9d
0,        314,        314,        1,  3110400, 304bf1da0ea37fd314bb0d8ae5fa6e9d
0,        315,        315,        1,  3110400, aca958b040198b427e3d1b862a7832c7
0,        316,        316,        1,  3110400, 54ca3d4134d72b2757820e58f4bf181e
0,        317,        317,        1,  3110400, b83a45c86e2f79d5077e82b8dc053ef0
0,        318,        318,        1,  3110400, 916e6b1ebd97e47c239330acdb2379fd
0,        319,        319,        1,  3110400, 516947b81e2be0f4b0a1c5efde0c1a6a
0,        320,        320,        1,  3110400, 71179d01c292e9a1675fe101f1c4980c
0,        321,        321,        1,  3110400, a50c02c01e29d24022862d00f128dbd3
0,        322,        322,        1,  3110400, ef37daf4b31694213fdd9819d265b3ef
0,        323,        323,        1,  3110400, f3373deb1797e1fe49a6a9b98f58ce3a
0,        324,        324,        1,  3110400, 9fb6a72983bf7bbad8c01159bf305b8d
0,        325,        325,        1,  3110400, a8d60fcd75205e4689c4dc8237fcfca0
0,        326,        326,        1,  3110400, 2c13731a12d185cc5ea9377fc22e1d49
0,        327,        327,        1,  3110400, 3240dff9e5883e80655837764c9350cc
0,        328,        328,        1,  3110400, 1eb4b3faff52f4da8658789aa089512d
0,        329,        329,        1,  3110400, 1eb4b3faff52f4da8658789aa089512d
0,        330,        330,        1,  3110400, 2c76d02e8207519583d30a3b00329e0a
0,        331,        331,        1,  3110400, 41b4e372823ea138e0c8df264d589d31
0,        332,        332,        1,  3110400, c6716a513bf2348d69955424ff8fda33
0,        333,        333,        1,  3110400, 1a53290cdaae2f1211850a95a593de1d
0,        334,        334,        1,  3110400, a2d00f95f82e9396c3c7d2e97e63c1fc
0,        335,        335,        1,  3110400, a3c6fd07266f127ca271e70cedecb5fb
0,        336,        336,        1,  3110400, 2cde882760092ca61d3ed2f4a9155d0e
0,        337,        337,        1,  3110400, 9aba31899b9a75e699ed12db1cec6c33
0,        338,        338,        1,  3110400, e50430dc12610146be7e1f59382fa4c5
0,        339,        339,        1,  3110400, 819311e047f98f8bbb689a8233ceacd5
0,        340,        340,        1,  3110400, 741d68e192417097abc18e819a642233
0,        341,        341,        1,  3110400, 9ccf038f93d00ddbb927756bc08150a5
0,        342,        342,        1,  3110400, 6214132f91dca7b26377ddb296de693a
0,        343,        343,        1,  3110400, c4198d0c0ee56d8aeaf96674b575611e
0,        344,        344,        1,  3110400, f127692ac2f395fc984d47a178597c42
0,        345,        345,        1,  3110400, 93defd387ee478f4301811b733db4890
0,        346,        346,        1,  3110400, 6359e12b8f3741587186470d775fe87d
0,        347,        347,        1,  3110400, 981df211bf0e5ce6e0970dda97458b22
0,        348,        348,        1,  3110400, 7bf2259c7d25dc7cfc9b57dd4c94700a
0,        349,        349,        1,  3110400, 7e59fbe513fe86ebe9d30f2fe4292725
0,        350,        350,        1,  3110400, 7b0060e52b48e5a7310bce594ec8a027
0,        351,        351,        1,  3110400, be95ddd7306c6d431a81adbcc6821a99
0,        352,        352,        1,  3110400, bca2ac22d812723e97f7187bd4048add
0,        353,        353,        1,  3110400, c055ffad54d876108b68acf1fc0bd29f
0,        354,        354,        1,  3110400, 0764dfc50f5d50c009d35b494e837f07
0,        355,        355,        1,  3110400, 48267228361b1627cb46c1c9f72123e1
0,        356,        356,        1,  3110400, 3ebaa71c9f1ed9a828a4f28a1e6ddb89
0,        357,        357,        1,  3110400, 25a25fa6fae288a5125c18446f2defe3
0,        358,        358,        1,  3110400, b8be3fe0c932c6cbe5839e6e7fc46c2e
0,        359,        359,        1,  3110400, 93e7d5178b798a73df3ad627c03cbf6b
0,        360,        360,        1,  3110400, b87cac3c84a46d0ad909cf38ecf2c29c
0,        361,        361,        1,  3110400, 5a436531ed4c6885aa856fd0891c37e3
0,        362,        362,        1,  3110400, 02f056f71c4627e676100cf6b03d0977
0,        363,        363,        1,  3110400, 6d10843112a22a94b4d16d44d46097ed
0,        364,        364,        1,  3110400, 70a30e49ea8c8a5e7f745cc2a206bce8
0,        365,        365,        1,  3110400, b33910b2d4966112835c0e9850611181
0,        366,        366,        1,  3110400, 1d89a89bb9749f594c334d3ab83e5abb
0,        367,        367,        1,  3110400, d8ab32a4ed721d0d0a2286086ad52d56
0,        368,        368,        1,  3110400, 722522bcebf74b93821056ae3e193e06
0,        369,        369,        1,  3110400, 615e6b0cbd96369b6ea4d509a06febd3
0,        370,        370,        1,  3110400, d82a1b10ec369561d4f523953dee86a7
0,        371,        371,        1,  3110400, bbed01c1e9ce6b721005decb3689c773
0,        372,        372,        1,  3110400, 99b26e98443d6862a62818af97923f1d
0,        373,        373,        1,  3110400, 114a270a6aa689186dc10ba7ba63711d
0,        374,        374,        1,  3110400, e578881138a05b6bd5f3350c40c0c98b
0,        375,        375,        1,  3110400, cf86fdd4e028ae23e55c8ea6a2e66d77
0,        376,        376,        1,  3110400, 57d8b291a2c6379d37ed53a8381d3f2c
0,        377,        377,        1,  3110400, 9186e4c897c72909c16a6681b41d295e
0,        378,        378,        1,  3110400, 219b1a806216ce4a4b51ad06ca74eb64
0,        379,        379,        1,  3110400, 6fee3f50ce40afd4caa1e9ec525fad8a
0,        380,        380,        1,  3110400, acc56fc2233c4057ad311bc6c1eaf06c
0,        381,        381,        1,  3110400, cdaf2bfa7f1e64f7530dce176853a431
0,        382,        382,        1,  3110400, 3d78c7204bcfd0f4af10b61ffe327c36
0,        383,        383,        1,  3110400, 43b83f4880bcaa796b5d961f32f1381f
0,        384,        384,        1,  3110400, 09249feab4043bce6c8588d1b68b8b43
0,        385,        385,        1,  3110400, 71fcd2892315ac5d5f3fea58df63e171
0,        386,        386,        1,  3110400, 61b630a3e3bc290848ec3e231bef54f2
0,        387,        387,        1,  3110400, da4e9a7cf2ae1c3f0936cc9ef4efa1ca
0,        388,        388,        1,  3110400, e9b343c14c2951deeffb37822d8b5eb6
0,        389,        389,        1,  3110400, 9e5722433d125ddaeb6e4a6b973db316
0,        390,        390,        1,  3110400, 587eaee54f76d531daf2bd04cdaae265
0,        391,        391,        1,  3110400, d8ff01cf96a59b147d1906d8bd9d9764
0,        392,        392,        1,  3110400, 332e9dcc711496bf9968334b71732091
0,        393,        393,        1,  3110400, c40d3062ceb91d93259469879c5dfb62
0,        394,        394,        1,  3110400, d467b595ef014e791e05210acecb66f3
0,        395,        395,        1,  3110400, d467b595ef014e791e05210acecb66f3
0,        396,        396,        1,  3110400, 3a5ef77db4525ca293804c41567cce1f
0,        397,        397,        1,  3110400, 523025eb43e04fc8b4f58c038d27fe4f
0,        398,        398,        1,  3110400, 14a3ed448a38070dc7543ebfc63f15b3
0,        399,        399,        1,  3110400, 10e64d5e76e2af968982caee56a8ff43
0,        400,        400,        1,  3110400, 88c75255be2f5e54380e9469106de7fd
0,        401,        401,        1,  3110400, 7acce51345479a2cba8a99c1e06ce6a3
0,        402,        402,        1,  3110400, ec9f5120ae133cbbc9f240d197064908
0,        403,        403,        1,  3110400, d33c839f62ac61ab7a589b4263414b2a
0,        404,        404,        1,  3110400, 4ffcabf653dec5f9f28bb79037944265
0,        405,        405,        1,  3110400, 97db0247d2be5e4224d0548044a6e42f
0,        406,        406,        1,  3110400, 59d1b2689275090eb5b9b33f3723cfd2
0,        407,        407,        1,  3110400, dfd8d02294da8a102d36b8f1ec489431
0,        408,        408,        1,  3110400, 2a1836902e7f3c25c0e1ff70c6ff90c7
0,        409,        409,        1,  3110400, 7acb31211d71087853b73c4009761a95
0,        410,        410,        1,  3110400, 7acb31211d71087853b73c4009761a95
0,        411,        411,        1,  3110400, 2c3d147693f29445adfe319bedbcf9ae
0,        412,        412,        1,  3110400, c3aa39393d574d51a811ef25c0a54658
0,        413,        413,        1,  3110400, 1dc55e92fac3a60f3c2854dc3f9c3c9e
0,        414,        414,        1,  3110400, 1c6d7f4293683bc6b21f7a8ecee34815
0,        415,        415,        1,  3110400, 827bf61dabe929717a31207f34943095
0,        416,        416,        1,  3110400, ded0907cd2af799f55e7cd36f2a884cb
0,        417,        417,        1,  3110400, 2564dc4accc1011484666f9d7eecd664
0,        418,        418,        1,  3110400, 61924d19e828167c7950dc7105fe944a
0,        419,        419,        1,  3110400, c87afcf1487c8dfd76229afa6cef2072
0,        420,        420,        1,  3110400, 2afb8a625fcf30f9301325e5fde3b928
0,        421,        421,        1,  3110400, 665b04d58ba576cf50b544dc569738dc
0,        422,        422,        1,  3110400, 665b04d58ba576cf50b544dc569738dc
0,        423,        423,        1,  3110400, 080113f3e38c5e97c853425df2cc0d54
0,        424,        424,        1,  3110400, 51352f607fe6ec98b128d8f4207cec3b
0,        425,        425,        1,  3110400, 2bceb603243890df1e76353edd2d3707
0,        426,        426,        1,  3110400, 0cece1aea27d167ba20277611bfef9e1
0,        427,        427,        1,  3110400, 4be615979ffd22ae6d2880e0297ed7c5
0,        428,        428,        1,  3110400, ab6e5037dc2237031de9045596e753c4
0,        429,        429,        1,  3110400, 300a9bc8c4c6cecf814776dcf35af7f2
0,        430,        430,        1,  3110400, 168b0ef984fe011902ae646bacb3c513
0,        431,        431,        1,  3110400, 909723d54c02c253971dff18aca3ea26
0,        432,        432,        1,  3110400, 28204cb66fd0ca118e9b13240abcb811
0,        433,        433,        1,  3110400, 679f03b984af4bf7e57fa11e08d39543
0,        434,        434,        1,  3110400, 74ce44adbdb440a7789273a360697429
0,        435,        435,        1,  3110400, 6b846c8602189408602627ab87d81802
0,        436,        436,        1,  3110400, 6cb87783a1f415185ac88c0496f51aa4
0,        437,        437,        1,  3110400, 16bbbe7f6cc534c479c94a9380fd3457
0,        438,        438,        1,  3110400, 1e6255dfdae5cedf83d5ec336e6e801d
0,        439,        439,        1,  3110400, 0c24f87d8cda249c703d776483909cc7
0,        440,        440,        1,  3110400, d49e60318b89c8e074c14c9aed1e2607
0,        441,        441,        1,  3110400, 45590ff4fa93071ee4344ba318919fcb
0,        442,        442,        1,  3110400, 04d20c22fb683f2ecb9f38a3101240a3
0,        443,        443,        1,  3110400, 7bf6fff763e8f9b44cfac122e9ea27a5
0,        444,        444,        1,  3110400, c3f05434cec66e1ebd392af88ace7ce1
0,        445,        445,        1,  3110400, 69542fda6cc0baf30eacb2a1fd1f0f14
0,        446,        446,        1,  3110400, d23a3b6290b8144f23146160b74a2852
0,        447,        447,        1,  3110400, 2dd3afc8ee9f3e407085c1aab51dd5e1
0,        448,        448,        1,  3110400, 5aca83bdd7010be4e182f83ca8af82f9
0,        449,        449,        1,  3110400, 5aca83bdd7010be4e182f83ca8af82f9
0,        450,        450,        1,  3110400, 35f131041527bf9df49ed053feb78196
0,        451,        451,        1,  3110400, e4dc2ccb7cfdf47b494f9e12455f28d8
0,        452,        452,        1,  3110400, e4dc2ccb7cfdf47b494f9e12455f28d8
0,        453,        453,        1,  3110400, 9f68c1baf6a8c638b50ed016cb3022c6
0,        454,        454,        1,  3110400, 8370c7e83e257964b3e5a6b9ef71f2f6
0,        455,        455,        1,  3110400, 8370c7e83e257964b3e5a6b9ef71f2f6
0,        456,        456,        1,  3110400, d2cc8d4c9bcd59ee9da60a4d09036340
0,        457,        457,        1,  3110400, 830e5e82dc002f8e518960294c5baae7
0,        458,        458,        1,  3110400, 6f543cfadd97f1b8a0f3460cb7947b81
0,        459,        459,        1,  3110400, 3d51c398cbfc8952f0f19a51c045537e
0,        460,        460,        1,  3110400, 3f2cb12e3a80a54ec1d2a6c7d2110610
0,        461,        461,        1,  3110400, 54171f87b0c7002538c63962e9eee68b
0,        462,        462,        1,  3110400, 515c29aa68b3b745107809be8d5da241
0,        463,        463,        1,  3110400, decb51a404aa7133d81e720189461e84
0,        464,        464,        1,  3110400, 1b346d286042dacc94f58d43248e490f
0,        465,        465,        1,  3110400, 09fc33047079a9adb78d499fa1d43e2d
0,        466,        466,        1,  3110400, 0a3fdcb797e742159af67ebae1c32898
0,        467,        467,        1,  3110400, 0a3fdcb797e742159af67ebae1c32898
0,        468,        468,        1,  3110400, 710eb97ac7c35b83fd31075440842427
0,        469,        469,        1,  3110400, 087a3d148662fce2dbdf230f5b52481a
0,        470,        470,        1,  3110400, 9888e15a461aacc312fa8cc1680c88ce
0,        471,        471,        1,  3110400, 554ffccac9c0d3a8bce14f0ba80074b3
0,        472,        472,        1,  3110400, 331e2d04d6029f74ad930164d59e2611
0,        473,        473,        1,  3110400, eb5785a77b9f7817becf2a937418ba89
0,        474,        474,        1,  3110400, 54fcca118d8c3500feb36b814e5ded54
0,        475,        475,        1,  3110400, b21046d20ce04465a872781ff1f926f4
0,        476,        476,        1,  3110400, 2617700545aa8c5dce9668ecd1853c39
0,        477,        477,        1,  3110400, d2b4766aa255c20a899e560f9f15d095
0,        478,        478,        1,  3110400, 575cb38c13dac15fdba1209955c7a818
0,        479,        479,        1,  3110400, 38deda10a7425977cc6f3adfa05a21c9
0,        480,        480,        1,  3110400, db94ffd72ca96daadb04f81eadbb1c71
0,        481,        481,        1,  3110400, 0ca0e43ae8d79d0305a3649d73fe1397
0,        482,        482,        1,  3110400, d2e456b3fc73420a6bc3d23c8cb2d166
0,        483,        483,        1,  3110400, 692c854716769abe45d576ff5648535b
0,        484,        484,        1,  3110400, 1381b54fc85eed75fcde52c00f7c477a
0,        485,        485,        1,  3110400, 95f174019ba74445371d2f96ce9c940e
0,        486,        486,        1,  3110400, 8f8d31044cdcbbe2d6894771725d52aa
0,        487,        487,        1,  3110400, 5ba6183cf96b3c0584a7c4f99b35461e
0,        488,        488,        1,  3110400, 683e7a5060db0ac87a29dfdb864064fe
0,        489,        489,        1,  3110400, 9d482ac74d8c9eeb9ac9fcd30f73522f
0,        490,        490,        1,  3110400, a2812d7ce7fa90a134e7f6aebddf6ae0
0,        491,        491,        1,  3110400, d447a11fd62bc8848ffca7cba1e7a3c3
0,        492,        492,        1,  3110400, 373693ecbd1e12dac8c1c0b54081f9d7
0,        493,        493,        1,  3110400, 74ffe0d87ac5d55f4a30f3eac894e2d0
0,        494,        494,        1,  3110400, 8fd075c56087e7dba58f43a9b8e91b86
0,        495,        495,        1,  3110400, d2cecd22399437e8ef96889fd41320d5
0,        496,        496,        1,  3110400, ac217d6ffb81519c374a27d464753066
0,        497,        497,        1,  3110400, cfaf6a4a2d9cbe2178e11ff830a6935b
0,        498,        498,        1,  3110400, 260b62cd02640ac7932f1d99433af610
0,        499,        499,        1,  3110400, 9f476a1c2fd01e8579f319e36370dba8
0,        500,        500,        1,  3110400, 3d3421af6d285777b9dc2d2752f1bae4
0,        501,        501,        1,  3110400, d2ccc560a203cfdb7997095504545d15
0,        502,        502,        1,  3110400, 4a87519a5cc3004a9ce157d2e55e7a9f
0,        503,        503,        1,  3110400, 54e19e6dcd16476a8d4b69c06aff9b2f
0,        504,        504,        1,  3110400, de6f63867b6c905a52e0ad3e21826367
0,        505,        505,        1,  3110400, dd98266b6224f3a9b2d48726340fee17
0,        506,        506,        1,  3110400, f10e35de5ee347cd29c775a9711c4fe7
0,        507,        507,        1,  3110400, 718c8a76514eed48274a2611657be08f
0,        508,        508,        1,  3110400, d3cdeca323f0fa125e3efafb5613939a
0,        509,        509,        1,  3110400, e230f3b1b12c6f75ff35a6e2b67742e3
0,        510,        510,        1,  3110400, 8d4103d48063c81e92507a17d7588b73
0,        511,        511,        1,  3110400, c7e490d444c5cce22e7d9f80f6ff1e77
0,        512,        512,        1,  3110400, 809d13e5a80d8dcd9cf1592515a229e5
0,        513,        513,        1,  3110400, f5fe54a3c2a71e47b7c070b5f0d0dedf
0,        514,        514,        1,  3110400, 613441e31dab5acee751b661dfddb314
0,        515,        515,        1,  3110400, 613441e31dab5acee751b661dfddb314
0,        516,        516,        1,  3110400, 1654fb0187ffea64dc8718c26cb10b5b
0,        517,        517,        1,  3110400, 704557403380d12182ad71a1ab67f27d
0,        518,        518,        1,  3110400, dd3a08ef1f41919a1a3c5abae426bfe4
0,        519,        519,        1,  3110400, dd895571ec921a4e44b4b99da84a44f1
0,        520,        520,        1,  3110400, 003975e2df75555218888bf8e2df5125
0,        521,        521,        1,  3110400, 003975e2df75555218888bf8e2df5125
0,        522,        522,        1,  3110400, 5feb86a317f63ba3be001ee18c10051f
0,        523,        523,        1,  3110400, 8ff405176c4a42f4d20ed930b52f163a
0,        524,        524,        1,  3110400, c7bdc4d39c122be301b8ef374a8751f0
0,        525,        525,        1,  3110400, f703a3144037c45e7e5ad3ca6864e272
0,        526,        526,        1,  3110400, d380127de40e973516dee9d05c005434
0,        527,        527,        1,  3110400, be02de742b215d17d1e29c64ba1602c0
0,        528,        528,        1,  3110400, 96e03c3c47713de98f4610b97453f01e
0,        529,        529,        1,  3110400, f221b8318ba83c4b271e46f7f46300ba
0,        530,        530,        1,  3110400, f221b8318ba83c4b271e46f7f46300ba
0,        531,        531,        1,  3110400, efcc76b531c5a5e08bab990f48e5a986
0,        532,        532,        1,  3110400, a97cec7b17fbf9b018349b4717c24e82
0,        533,        533,        1,  3110400, e54fd8b1738bc7e3ec0c3ff65866c670
0,        534,        534,        1,  3110400, 09b060d17f2fd8d10e0098a7a811dd96
0,        535,        535,        1,  3110400, 3ab224310455bcccfc1a063b81b58623
0,        536,        536,        1,  3110400, 067572027fa26c0983436855703bf4af
0,        537,        537,        1,  3110400, c953581b93a194febc105c5ad9537540
0,        538,        538,        1,  3110400, 1011e6e0f80b96e5b65e7db92690bbf2
0,        539,        539,        1,  3110400, 7808a8927a29f83db7c2e345f94b1c6d
0,        540,        540,        1,  3110400, b98b93c9c4198b822d2089f756a9b094
0,        541,        541,        1,  3110400, b55968c17fd79dca45b75452a89770ab
0,        542,        542,        1,  3110400, 7dea25b452107cf1178ffd1ce87e7144
0,        543,        543,        1,  3110400, 1cc7be00c63eee9bf566ab349aa8b986
0,        544,        544,        1,  3110400, 0b7d393d151eba95586ca492abf30717
0,        545,        545,        1,  3110400, f7ddf28abd79bd3ca71dc47b596ad573
0,        546,        546,        1,  3110400, 247def2fad94e5e94c3c644e122ad635
0,        547,        547,        1,  3110400, 898957c0b42ebf21e759ad5d542434ca
0,        548,        548,        1,  3110400, 898957c0b42ebf21e759ad5d542434ca
0,        549,        549,        1,  3110400, 59005179e07fb614cf95940e218bae9e
0,        550,        550,        1,  3110400, 5c8721af7669a9b1f00454754931fa1f
0,        551,        551,        1,  3110400, cbdd18fe0f3b0e10e00f5cfa7479c65c
0,        552,        552,        1,  3110400, 94327c0c3082a0b61375a8d5ff21f7ad
0,        553,        553,        1,  3110400, 3f2b0d9c94c16d151404cb0965f3a761
0,        554,        554,        1,  3110400, 809bf688cf32b36ce37c46c2988dcac3
0,        555,        555,        1,  3110400, 92e08fdd972724228239d1745efd354d
0,        556,        556,        1,  3110400, 49217847346d0323e3dcb3e1f7de674c
0,        557,        557,        1,  3110400, 49217847346d0323e3dcb3e1f7de674c
0,        558,        558,        1,  3110400, faf06832e8c3848df258c8683998acb6
0,        559,        559,        1,  3110400, ef69a57bdf455c93f44e3810d39695df
0,        560,        560,        1,  3110400, 0c1eba7b430df093415d1ae7f12c1108
0,        561,        561,        1,  3110400, 1a3349d8f33766c1486edce191751c0c
0,        562,        562,        1,  3110400, e3532673b0301deb13da7834db187e44
0,        563,        563,        1,  3110400, 11b5cf49d583ce161ae970dd9ea5498c
0,        564,        564,        1,  3110400, fceabe1f55a967373a69e7257ac4f643
0,        565,        565,        1,  3110400, 45973086bd7b995663a942fc5cd7cc1e
0,        566,        566,        1,  3110400, 1b9758a4e94fb5becf6957b8f25cbbe5
0,        567,        567,        1,  3110400, 6f6d26b069288b28bed2e0f3c818ec6b
0,        568,        568,        1,  3110400, 42c79629b35ff10208c466b00e8656ba
0,        569,        569,        1,  3110400, 42c79629b35ff10208c466b00e8656ba
0,        570,        570,        1,  3110400, 0478f904ed11b084865820c73bbccd5d
0,        571,        571,        1,  3110400, 011fd8f041923a259979d628cc76f605
0,        572,        572,        1,  3110400, 8fa08e0ae4c7001c56fedef1ff0d8905
0,        573,        573,        1,  3110400, 9084bb788505543aa69172ff43c40f9d
0,        574,        574,        1,  3110400, ca1dbdd572efe0e23c6d423bd46ca2cb
0,        575,        575,        1,  3110400, 4fa47202569262d648d625beb933634e
0,        576,        576,        1,  3110400, 23b75917a9dc6e354430e28a00dc4d8c
0,        577,        577,        1,  3110400, ffd41edaa1c1318784085740832dff46
0,        578,        578,        1,  3110400, 07968749b5a697d2f1c7b475786cba26
0,        579,        579,        1,  3110400, bc050bba662c1775ca06ee8a4e577fc0
0,        580,        580,        1,  3110400, 8d32111a5788a197c3b18c891c027164
0,        581,        581,        1,  3110400, 81cff2b7d9777c2283a5de2e858d070b
0,        582,        582,        1,  3110400, bb79c35827ce7545d5a5ea44f0630206
0,        583,        583,        1,  3110400, 823c154924a48b8de3619245c490e87a
0,        584,        584,        1,  3110400, 954228112b71bed95ceb06b7f890c4df
0,        585,        585,        1,  3110400, eed80d606dfc3beb57bbcaf4aec40fa4
0,        586,        586,        1,  3110400, 7d01feda19bd6afeb753be0a89cecbcc
0,        587,        587,        1,  3110400, 46378329d1242f00ee6d8d4b14b6ec4b
0,        588,        588,        1,  3110400, 25c0f559016e20de457b351ea1f1d6af
0,        589,        589,        1,  3110400, 50c8effd1ee09bfe24c7e65e14060372
0,        590,        590,        1,  3110400, d87fc6c5b45b3bd317b87d1da7a6359c
0,        591,        591,        1,  3110400, 798e3503d8f7ab21f34b60825f4a261e
0,        592,        592,        1,  3110400, e38eb00dc776f8d716bf4ff7d8a89193
0,        593,        593,        1,  3110400, 3f2b65a3d26d29e1b841dab1be78941f
0,        594,        594,        1,  3110400, cf239cd44a86331099d63df946dc6547
0,        595,        595,        1,  3110400, 70f578b5cdaa7c0b9f7484e0e3e1cc9a
0,        596,        596,        1,  3110400, 3882864e0fd92e6a4213d71e28134c6e
0,        597,        597,        1,  3110400, 7ebc711347140f35aae3e10b611b680c
0,        598,        598,        1,  3110400, 087afaf1776a144a3bed8e4756bc53ca
0,        599,        599,        1,  3110400, 462bbe9a7db7f8f132a6c20fd0562467
0,        600,        600,        1,  3110400, 08db18495162effe9006d0e4dcc4bddb
0,        601,        601,        1,  3110400, ce55b824bbced463de64824243182b13
0,        602,        602,        1,  3110400, be987777a6a2078bee4c7914aeb9cee5
0,        603,        603,        1,  3110400, ecd725cdb2c6b2c31fc26348cf79a9e0
0,        604,        604,        1,  3110400, 858cb4bd72f4c6c4695578668dd5edc5
0,        605,        605,        1,  3110400, 14b984c1f7c49736c9b24aa30845567d
0,        606,        606,        1,  3110400, 93fd3b7fa23adc0907f42a976c14253e
0,        607,        607,        1,  3110400, 87ee1889f561eb3d04559ed2d81d89f8
0,        608,        608,        1,  3110400, e7bc1d409b68e5249d3273f7cdd3e780
0,        609,        609,        1,  3110400, 53c8da1cbcaadd33e72f7d67364f2afd
0,        610,        610,        1,  3110400, 752fb12dca6c3cc46272ba300ddaa613
0,        611,        611,        1,  3110400, aa341908c8942825320a1f615b13c276
0,        612,        612,        1,  3110400, 4290646042d411f81ea6d27693b2ffca
0,        613,        613,        1,  3110400, 73a07aa1a7f767d86cbaba98124e6730
0,        614,        614,        1,  3110400, f5d25399636520c96385cba954fa68e1
0,        615,        615,        1,  3110400, 38e97150ffb9c80716d4408ddcd71a96
0,        616,        616,        1,  3110400, 238447edb8f828480635d9985b746749
0,        617,        617,        1,  3110400, 8470e821170f3ae89d182fed63227975
0,        618,        618,        1,  3110400, 91259f15b260c060104cb7401006f4be
0,        619,        619,        1,  3110400, a0236077fb6dd5645fd5e2f2ee34ca62
0,        620,        620,        1,  3110400, 860b09ba2e91c06b425cd43931f071de
0,        621,        621,        1,  3110400, 547959e9c3d1d5ca7e0158e0e6457a93
0,        622,        622,        1,  3110400, 54e7b7da5f2d11c5b35322f81f436eea
0,        623,        623,        1,  3110400, cc032bed8acbccd9ec07e1fd9237df3a
0,        624,        624,        1,  3110400, ea5b3cec9016cf887e8d11815d8a0179
0,        625,        625,        1,  3110400, 46232460b1126f98c7acaf7f6df8fba9
0,        626,        626,        1,  3110400, 249676e4b1d03ead28c0b9fbe35175f0
0,        627,        627,        1,  3110400, 6694eaaa7970231b6482dd90e530820d
0,        628,        628,        1,  3110400, 222e8bfe026a2ba41833d26c012df4ff
0,        629,        629,        1,  3110400, 222e8bfe026a2ba41833d26c012df4ff
0,        630,        630,        1,  3110400, b31de1b96ddb054554819baf32cca7f9
0,        631,        631,        1,  3110400, 4b05b2d30e4282af20659cf1e5453145
0,        632,        632,        1,  3110400, 99e4591af8b5ae36ba0c9ccf7be2c085
0,        633,        633,        1,  3110400, dbc96a1462cf140dd90d47bde39151e3
0,        634,        634,        1,  3110400, 98d6dc50014d592295c9a19267b2409f
0,        635,        635,        1,  3110400, 7e0eda5db07e3e09d5b8675c5656c584
0,        636,        636,        1,  3110400, c329a6feded65451d642d54a5513d66e
0,        637,        637,        1,  3110400, 16db6c57847e820a94cd328a717d3696
0,        638,        638,        1,  3110400, a3774b43f418674ccaaee2507e625a01
0,        639,        639,        1,  3110400, 9006330e00d2906b92a98cc5b9134062
0,        640,        640,        1,  3110400, 5dcfb0d72d2e00091fefd22904081b55
0,        641,        641,        1,  3110400, 5dcfb0d72d2e00091fefd22904081b55
0,        642,        642,        1,  3110400, 809efa8264433052c4276d423788b071
0,        643,        643,        1,  3110400, 60e09f31588164ecd23197da0d15321e
0,        644,        644,        1,  3110400, 38da08302f1ebfbe095c322ed2959a28
0,        645,        645,        1,  3110400, c4278daeca463c5ee823bbbfbc9834ff
0,        646,        646,        1,  3110400, b54a1b531999cd84a586163f3b254c86
0,        647,        647,        1,  3110400, c673bcb375811a355df6999d46c9ae84
0,        648,        648,        1,  3110400, 96460cc43c6ce391bcafa1075210f768
0,        649,        649,        1,  3110400, 485bd10c178ddd32c134f6af7e9ee33b
0,        650,        650,        1,  3110400, 485bd10c178ddd32c134f6af7e9ee33b
0,        651,        651,        1,  3110400, f99f6ad21cc5bf27e0d68591c88d35be
0,        652,        652,        1,  3110400, 1cf2ab4ef718cddbeb4c54450a241b6c
0,        653,        653,        1,  3110400, 6f6fa42c2cb1131b0127e8dfc35a11ab
0,        654,        654,        1,  3110400, 08452bead0fe8607eaaef985c7d3bc9b
0,        655,        655,        1,  3110400, 9d90f03a32a63a7881ef18cebf98f6d2
0,        656,        656,        1,  3110400, f1e1e159b8e4052e55534aa6d443203e
0,        657,        657,        1,  3110400, 332f99159cb0d82ee458cd023d40d519
0,        658,        658,        1,  3110400, 260720b72f9176ebcee00e0399dbd58c
0,        659,        659,        1,  3110400, eeac8b519d89d4dc091fc29a728f3633
0,        660,        660,        1,  3110400, 4783887c2e76d0d9175b155ddf38d94e
0,        661,        661,        1,  3110400, 8b7831ca097542d87d4b0ba67af99e97
0,        662,        662,        1,  3110400, 227c5458abca2f834fcdca71964deced
0,        663,        663,        1,  3110400, 286c63e697768ff6817fefe4bf35726b
0,        664,        664,        1,  3110400, 8e8f490a3cd53501b00a16a11b3fa376
0,        665,        665,        1,  3110400, 735d0e350a2b8e09abe05d66b0a75704
0,        666,        666,        1,  3110400, 738264d5932fdb0f57f1f4b29b489bf9
0,        667,        667,        1,  3110400, bef5b5d510b1214276518fe3b049703e
0,        668,        668,        1,  3110400, 8070382d9c44fa0183d3a8b00acd0669
0,        669,        669,        1,  3110400, 20b032d2db5dbbd116a5d9a9cda3a83c
0,        670,        670,        1,  3110400, 3baecb7291fdf21576855eb8c0d5d94c
0,        671,        671,        1,  3110400, 47d925e7ce0f682405eb1611f1de2f95
0,        672,        672,        1,  3110400, e8c7942bf93271a7f6351739f56fecbb
0,        673,        673,        1,  3110400, 4fbdf5b48cc3a5f6c81abdc353dd5858
0,        674,        674,        1,  3110400, 4fbdf5b48cc3a5f6c81abdc353dd5858
0,        675,        675,        1,  3110400, 4ff08273415a41ecb87ac33d895129d7
0,        676,        676,        1,  3110400, 0e45f31efe14adac8965dfbbbac8029f
0,        677,        677,        1,  3110400, 938bb53a4de62c121240dea27fc68af6
0,        678,        678,        1,  3110400, 02f52704bf3470dfb5bad83b7f64fcbc
0,        679,        679,        1,  3110400, 625bcbd874e3fb0caf26498fa4b4d15d
0,        680,        680,        1,  3110400, 625bcbd874e3fb0caf26498fa4b4d15d
0,        681,        681,        1,  3110400, 9c7196df61e5cad462673d0f1ee44152
0,        682,        682,        1,  3110400, 835c46519fd12da61d413884c8643710
0,        683,        683,        1,  3110400, dce9cbc0fea8f0bddcb361d2f107931f
0,        684,        684,        1,  3110400, 5b88c10e71f9da912f8d6ee9e7356ced
0,        685,        685,        1,  3110400, fb8b2aea257aaf6d6828f7be9cdf163f
0,        686,        686,        1,  3110400, 52a66901d41fa45eb75730399095b44b
0,        687,        687,        1,  3110400, 9ce528185b232dfdf7b21764c46828ad
0,        688,        688,        1,  3110400, 2315c67e506958244d3dee4db346879a
0,        689,        689,        1,  3110400, e98c6d2508c278609b08f1a4f9bfe572
0,        690,        690,        1,  3110400, 54bcba419e2cf9072ec697c383eb68e6
0,        691,        691,        1,  3110400, 4ef0ab668a883384a3bae523d94da322
0,        692,        692,        1,  3110400, e74b541f29320385207f82133fab3f89
0,        693,        693,        1,  3110400, ae64bef483192adf6e041e421e93e4f6
0,        694,        694,        1,  3110400, 19070e80d7aa9b7d01e49f76cd1111c7
0,        695,        695,        1,  3110400, 19070e80d7aa9b7d01e49f76cd1111c7
0,        696,        696,        1,  3110400, 69c3f5999cef4d82f04f02805a9d4859
0,        697,        697,        1,  3110400, 8b4e7f69a223a65f7c3dcbe8158bc425
0,        698,        698,        1,  3110400, a61af8e8e9dd3e3ca03d1408e688c8a1
0,        699,        699,        1,  3110400, 42483c2da036b075e00b25213fde9acf
0,        700,        700,        1,  3110400, 505c52020d90c7563759c5678f40637b
0,        701,        701,        1,  3110400, 505c52020d90c7563759c5678f40637b
0,        702,        702,        1,  3110400, 7306d93222c520c9fd5dc6cd14a1a229
0,        703,        703,        1,  3110400, 3ad9beb8f6b34597b2a19262ac2df20e
0,        704,        704,        1,  3110400, cf4e3e4cd71aeab9da3431444df99ff9
0,        705,        705,        1,  3110400, 77a5c50a79801a8bac6ed5ee3d793926
0,        706,        706,        1,  3110400, d8b43095380f08af4a2851ed50c24b45
0,        707,        707,        1,  3110400, 9e1c944d4fe0582e00097a071614723e
0,        708,        708,        1,  3110400, 4b0d9a8d8b0b7b3c425c5ee9b07ad998
0,        709,        709,        1,  3110400, 2a960c78eb1648e93c8ef61d2649d533
0,        710,        710,        1,  3110400, 2499c01c60ba229633f37fc9b6318f22
0,        711,        711,        1,  3110400, ebf9a261cfa56994f116eba108cb0e4b
0,        712,        712,        1,  3110400, 73e62af030764f57d7a5f4207ef7cd46
0,        713,        713,        1,  3110400, df2f4d34a5ed89be8d0da90f25978417
0,        714,        714,        1,  3110400, 417716d3a528d7da8ce6c9c267fba7bc
0,        715,        715,        1,  3110400, 44ba777f10eef7285ad4573bf69040d1
0,        716,        716,        1,  3110400, c90fbe45897396dd99a8e1c561dcbc66
0,        717,        717,        1,  3110400, 272d7f1a327ad006b564ad19e33835da
0,        718,        718,        1,  3110400, 32546fecf024d73e0218fa8496bcdb4c
0,        719,        719,        1,  3110400, 939f23f2fe59bdf249888fbcbc4b8609
0,        720,        720,        1,  3110400, 6e5394d51a7d8b94ab96362431e72206
0,        721,        721,        1,  3110400, 78163632b0ac168409afdf3c117913b5
0,        722,        722,        1,  3110400, 06ffe7f51c8520410dcc0c70eae2dc95
0,        723,        723,        1,  3110400, ee25d42cd4ca31ddbe905d282604aeb0
0,        724,        724,        1,  3110400, 5470a0ac50f2464db3ca842a4452f4ed
0,        725,        725,        1,  3110400, b1bee766911a24175ed1a064b4d5fce8
0,        726,        726,        1,  3110400, dec947378d03272c895b9a265b50d5a8
0,        727,        727,        1,  3110400, 079553df3df378b2e5222b7cee85d231
0,        728,        728,        1,  3110400, e300335e8d9a07e67010e3b196049318
0,        729,        729,        1,  3110400, 69c7f6e1b780c7387c2a3e9bae770a4f
0,        730,        730,        1,  3110400, 04d21f5d89f3a4212978acf1e0bf7a95
0,        731,        731,        1,  3110400, a48ff8e9342f1d6e237953bf83e27acc
0,        732,        732,        1,  3110400, f5bd23573af0a735540825ccda809d2d
0,        733,        733,        1,  3110400, 103542e7cf9e956f5a3443fa5b42417f
0,        734,        734,        1,  3110400, fe3cb998cd91ed1936201127c9365255
0,        735,        735,        1,  3110400, 037c739c4cf1db36fbe72a72c1581997
0,        736,        736,        1,  3110400, d2cefe9e710d9c9d703e5ef59c32c833
0,        737,        737,        1,  3110400, d2cefe9e710d9c9d703e5ef59c32c833
0,        738,        738,        1,  3110400, 1a0adb668b649cca1ba99ed9db2648c1
0,        739,        739,        1,  3110400, a36d06cfb91d5187a77d6f5e1e6f1131
0,        740,        740,        1,  3110400, 73dcba36e07ffab4c789d6ae3e3ef8c8
0,        741,        741,        1,  3110400, 55b56853f47a9b5f10bcd47b10ff9871
0,        742,        742,        1,  3110400, f1aef3b61541ae309aaa85ed19705c28
0,        743,        743,        1,  3110400, a1c201052d6b7775a032307abb3a7779
0,        744,        744,        1,  3110400, 1058a0808f1aa2a6db6688862620a28f
0,        745,        745,        1,  3110400, 4ae00d6bd27e82a3ae2f38e2f5e11a71
0,        746,        746,        1,  3110400, ccb21f47c6b2a8eef43ae869e9c1e9e8
0,        747,        747,        1,  3110400, fdeb3abb69e5b549a9b8986ef4e623fe
0,        748,        748,        1,  3110400, a11f329e9e784bada2eeb51548fe0235
0,        749,        749,        1,  3110400, a11f329e9e784bada2eeb51548fe0235
0,        750,        750,        1,  3110400, c9717da763cd6aad496d6a88621b8efb
0,        751,        751,        1,  3110400, 577d2cbbd1d804dad08839c8ff79f593
0,        752,        752,        1,  3110400, 4e528ac71ac72e9163f98db13fcdc4f5
0,        753,        753,        1,  3110400, eeb1fc3b092c2837cfaef619ab65b04a
0,        754,        754,        1,  3110400, b70a93d30f5431ba0a6e2386b0e9b1b8
0,        755,        755,        1,  3110400, b429b5e24b802de6d922cf0a6761539c
0,        756,        756,        1,  3110400, e45be76dd6cf66b64030667ed676e0e7
0,        757,        757,        1,  3110400, 6bdf3fa9718d8a54e822c5964d51c41c
0,        758,        758,        1,  3110400, 8c0025d457f14aebbf7b5293fc8be358
0,        759,        759,        1,  3110400, 8a2bd4250a8be09a9c3f008a0bb556d4
0,        760,        760,        1,  3110400, 73cab5cf8c2a0f2a55a54198984f25f6
0,        761,        761,        1,  3110400, a7d7ea435fc1e91b3917bfb5197fb061
0,        762,        762,        1,  3110400, 10702c6a1c61b698b6ef8d17c6d78370
0,        763,        763,        1,  3110400, f52eb86761f8fdde415f1507a4d6ce1f
0,        764,        764,        1,  3110400, a838f7200590de910f9c120d6b39c992
0,        765,        765,        1,  3110400, 84f6760d9684626294107cb87f66c873
0,        766,        766,        1,  3110400, e2453c37e03299df2748731ca9612af0
0,        767,        767,        1,  3110400, e2453c37e03299df2748731ca9612af0
0,        768,        768,        1,  3110400, 4dc6d338fc5c7273b1296e6b4a526eca
0,        769,        769,        1,  3110400, 0377386af5a1a6c4e5025e2dab3dbd76
0,        770,        770,        1,  3110400, 566df8f258b3ead296d55d4d3a291bd0
0,        771,        771,        1,  3110400, 0b5b1c23e12804e931f0951bbbe26f67
0,        772,        772,        1,  3110400, 3e24ad0eaca37d4dd776326124b36d24
0,        773,        773,        1,  3110400, 17485625c4e9775494f8288ecd9955aa
0,        774,        774,        1,  3110400, 7c4d3fca30211273a2e25719e8a8ee24
0,        775,        775,        1,  3110400, dcb544f51f57b8c46a371eccf7f53459
0,        776,        776,        1,  3110400, f1ebba32eed4ab4ce6abc4d7535132d7
0,        777,        777,        1,  3110400, 731d31ab84767b226bb109d7d32f520f
0,        778,        778,        1,  3110400, 9aa9b55cd0ea4e23fb2dfb31b7eec08d
0,        779,        779,        1,  3110400, f3a65cb5e7ae2c5d63a7a51ad66c1fd8
0,        780,        780,        1,  3110400, 6108f313c654826b379149b61bf50791
0,        781,        781,        1,  3110400, 5dcf142777960e357ab9df92e3322a9c
0,        782,        782,        1,  3110400, 7153864954b397e1ea41d8c17967f4ea
0,        783,        783,        1,  3110400, 8eaddd82955f0ed80a042a5663686e05
0,        784,        784,        1,  3110400, cf01bd796b387877ca329e8e547402aa
0,        785,        785,        1,  3110400, 9a11322e2b15b7dd4141255b6390c8e0
0,        786,        786,        1,  3110400, b7e8dc038cd436c8c2857abdc6a3d7b7
0,        787,        787,        1,  3110400, ee6ebc6d560a51236d4bb1e4130ed6f3
0,        788,        788,        1,  3110400, e765370e4148018474f22875d30a7f39
0,        789,        789,        1,  3110400, b72fe18d1be36c98763c4d4e9996ff9d
0,        790,        790,        1,  3110400, c5241b29fd89f846457371aaa8bdd929
0,        791,        791,        1,  3110400, b47c239d2d13a50e40e47fe2f660e980
0,        792,        792,        1,  3110400, cfa2087c22bb38743fbcc6908e55130a
0,        793,        793,        1,  3110400, 05d8e2cf015be1deac531b484c4f16eb
0,        794,        794,        1,  3110400, ee4cb2908a6bdae78913d346e30f1712
0,        795,        795,        1,  3110400, a97fec898cdafa0b37c84966606fa0de
0,        796,        796,        1,  3110400, ba59900784c4514e76180ff088dab51c
0,        797,        797,        1,  3110400, 1de775ed347ff3059d8ae6b7b85cc1a1
0,        798,        798,        1,  3110400, 67b1448fb8898bf3b52fb4876fd57ce1
0,        799,        799,        1,  3110400, d07d625c7185142469ffd49aa62ce76f
0,        800,        800,        1,  3110400, 166d6bfe67e5eb7383abd3dff98d989c
0,        801,        801,        1,  3110400, 7f604e2cccc3b3c664ff3d14d478b988
0,        802,        802,        1,  3110400, 8c0c883dc8f7090d008033298db81a66
0,        803,        803,        1,  3110400, d6d5ef78e5dce01cd25f4b62c0f380d0
0,        804,        804,        1,  3110400, 7685b4529571f4007fd35a8e0ffa48bd
0,        805,        805,        1,  3110400, a2acfe8c46f123a3255bbf0e4c4142d6
0,        806,        806,        1,  3110400, 7f7501579c8bdcdcd201c8f2275bb054
0,        807,        807,        1,  3110400, 177f4a330f89e9fc1d929e440ee4c1ff
0,        808,        808,        1,  3110400, 4dae62f44581ad84b593c7cb271f1eed
0,        809,        809,        1,  3110400, aa116fd6fd81a83e59a0724c7d68dd31
0,        810,        810,        1,  3110400, 261972d8c6799f7cc781926339a25cca
0,        811,        811,        1,  3110400, 5cd1cb5fa7a608d3495a1054752f5510
0,        812,        812,        1,  3110400, 7f3ebf6f30fa7d3f034e8a8658951e93
0,        813,        813,        1,  3110400, ec8e3c667cf78cffead506da95a9f420
0,        814,        814,        1,  3110400, 7b8f9b990f7a6c0f2ba155afa61de9cc
0,        815,        815,        1,  3110400, 88b4bf6fc2cfb85caf8b6325522ddcf6
0,        816,        816,        1,  3110400, cd0360d11d3c0c2af8805fae2ca84686
0,        817,        817,        1,  3110400, 751d8ef362f3f9062fc17903230e3f75
0,        818,        818,        1,  3110400, 91671f3a13e8bf4b54b09ab6ebf43a2c
0,        819,        819,        1,  3110400, 493ce416d1a6952da0474a40e1b22b4b
0,        820,        820,        1,  3110400, 0edb008e5283f4c8449b353d7915947c
0,        821,        821,        1,  3110400, 11b5bb2bd00b10eb8eb54ac4d5e3c061
0,        822,        822,        1,  3110400, a370fd7bec5fbc5dc1f3bfbe669c8dfa
0,        823,        823,        1,  3110400, fd6c7f68cfa75a8b42022c45ac80774e
0,        824,        824,        1,  3110400, fd6c7f68cfa75a8b42022c45ac80774e
0,        825,        825,        1,  3110400, 1f435f63122f615a8e26ba4515e1236e
0,        826,        826,        1,  3110400, 873d99c045aa70200d964a5ab39ac067
0,        827,        827,        1,  3110400, af64e800f6a201b3b4d95b9a65b188ea
0,        828,        828,        1,  3110400, 9d37b99ce856e41fb54ac50f2ba85e62
0,        829,        829,        1,  3110400, 6ecc2baf7e3710f2fe6733fda748159e
0,        830,        830,        1,  3110400, 8372f502cf6dcccb7eeef50ba95ab25e
0,        831,        831,        1,  3110400, dae24b3334bfa2901a523c01439d8a35
0,        832,        832,        1,  3110400, e203a1aff3ddcaf777c2a3d33759fc60
0,        833,        833,        1,  3110400, 9117634f45aa6e7728bdd2a8e65dca3f
0,        834,        834,        1,  3110400, 7bf6ba21f4408edadd4e705fc5a9beb7
0,        835,        835,        1,  3110400, 5dd68053a25da59d3c0bce271e954267
0,        836,        836,        1,  3110400, 9ef1ba020a39446d008e376f6241eb45
0,        837,        837,        1,  3110400, a9c5faba5237101d639b1bf5825dad5d
0,        838,        838,        1,  3110400, 0bdd9b59d4fde6dd6ac06086917a26d6
0,        839,        839,        1,  3110400, aebd1741b9f7486e2103b82876c691e0
0,        840,        840,        1,  3110400, 898d4d6b3faa8024c9a51f0f791bda42
0,        841,        841,        1,  3110400, b7649ead02801b5f11654b49422521a4
0,        842,        842,        1,  3110400, f501ec85fb67d15704063c8ac0225d83
0,        843,        843,        1,  3110400, 4ed3668c105f100abf405da082d2309b
0,        844,        844,        1,  3110400, ca561fbfcf99fc09e648cb76e55f9a9a
0,        845,        845,        1,  3110400, b1f352cecdcbf0cb5cd793094324d481
0,        846,        846,        1,  3110400, 8ab5dd154e04cc68a2e4c9008469fabd
0,        847,        847,        1,  3110400, d45e961ef503e56d54cdb8cbafee8f9d
0,        848,        848,        1,  3110400, a6b1b6658cfaaf41d8876a9d3ac87ca8
0,        849,        849,        1,  3110400, e8fdfae4cfe0d63735633dea0d1a4fe4
0,        850,        850,        1,  3110400, 0ba07c38673054119fe1420f25ee7bd3
0,        851,        851,        1,  3110400, d9af423027183aa838f6dc7c35e6dffe
0,        852,        852,        1,  3110400, e536406a233dbc25ced0eced5a18ce61
0,        853,        853,        1,  3110400, 6accbff8f1f825dd52663ee320d5f8ea
0,        854,        854,        1,  3110400, d52801ce5b9c06445d6ec69f2f5df7b1
0,        855,        855,        1,  3110400, 0ecff7783861ed4df2a0b15f6d6d4275
0,        856,        856,        1,  3110400, 03e72dedf4ef2c97ad0033fc16437559
0,        857,        857,        1,  3110400, 2545a39c87b440a73a91bc326231e97b
0,        858,        858,        1,  3110400, 4b095a519c0f7fae1ad48c7e855ac81a
0,        859,        859,        1,  3110400, 02964a566a63f44f201c4371317da2d9
0,        860,        860,        1,  3110400, 48da01ac2202a35e0bb3f5136cd7f8fb
0,        861,        861,        1,  3110400, bf4b76c045bf864c2c9a8218be6fcb01
0,        862,        862,        1,  3110400, 4458c83270f68a58eb0a6b4e8701dece
0,        863,        863,        1,  3110400, 73a0357481fa52a00dea8263c32aea0d
0,        864,        864,        1,  3110400, e882b402a2ecbd42c17a769483801e6f
0,        865,        865,        1,  3110400, 7b6a7ff9334a9c9285199a7f4dd4d88f
0,        866,        866,        1,  3110400, 1cfa39253a4384abef056a1acf112da6
0,        867,        867,        1,  3110400, cc88484a22b5412f86a6e954a565893d
0,        868,        868,        1,  3110400, b4f7a2eeb1687e838d5e0ef9129a76b1
0,        869,        869,        1,  3110400, 1f4f7aa24c1e587bc2c89883dfbfceb5
0,        870,        870,        1,  3110400, f8eff1f85b5b6ac7abad41008f9e1718
0,        871,        871,        1,  3110400, f3221e3c625e635d2ff00fa177e22457
0,        872,        872,        1,  3110400, a18afbc450ecbdd9f821db75e2c7b792
0,        873,        873,        1,  3110400, 2367a6a538098aca5dd16ed3af418319
0,        874,        874,        1,  3110400, 46cb8fd65ff57a955a5e6c5fe9ab6cd2
0,        875,        875,        1,  3110400, 5beba39314be99617a037f5d2ef0638d
0,        876,        876,        1,  3110400, d151a3437722a522d83a6b8de28ee209
0,        877,        877,        1,  3110400, 44d19dfe9dbbfda59b6f0462bcc8fbfc
0,        878,        878,        1,  3110400, c342060dfa2529ad5164f6b147812a41
0,        879,        879,        1,  3110400, 81d0996319f91d25751f2289216cc3a1
0,        880,        880,        1,  3110400, c12db01f43e6f9b2ff219c06ef42f663
0,        881,        881,        1,  3110400, 84612dc935edfd5f3f46ac3ffab8a3f8
0,        882,        882,        1,  3110400, c7deeea82e30d1e0be42031d1f4737e5
0,        883,        883,        1,  3110400, 804dc7cbc61a9131ca56798a83a1a108
0,        884,        884,        1,  3110400, 4e12162ee475d23b26214a6ba8ac14de
0,        885,        885,        1,  3110400, 7f186a9b74abc300da95e69092fe05dc
0,        886,        886,        1,  3110400, 03d96aa7084f1981048eae9750554777
0,        887,        887,        1,  3110400, 995a0ab3fe3bed4e0e89958cd9421d51
0,        888,        888,        1,  3110400, 5bcfcd41d728905b10a2deabff6aad06
0,        889,        889,        1,  3110400, 1df37a0bd3cbe1e0550122872b77f253
0,        890,        890,        1,  3110400, 133db8ff241c4a083fe63dc624451fcc
0,        891,        891,        1,  3110400, 830268ff31d2aadeaae0e1df67b435df
0,        892,        892,        1,  3110400, 6632e0964ed5effaff9abd0c0d2f0960
0,        893,        893,        1,  3110400, dda46a816dcc33a720210ac4c4f30700
0,        894,        894,        1,  3110400, b0039df10433fc8bba546402def25892
0,        895,        895,        1,  3110400, 3a15e04805592aae31ff57aa264d8c03
0,        896,        896,        1,  3110400, 8e80e088be7041383f130e60dd7c1d8f
0,        897,        897,        1,  3110400, de62b489f242d91e4b4b49eed03acc08
0,        898,        898,        1,  3110400, d0072466398e33b8339984ad57be1667
0,        899,        899,        1,  3110400, bbdecc8459148211a987d0194f5b5d85
0,        900,        900,        1,  3110400, b0ae8b3ebe644853c2bf4f41a034eb36
0,        901,        901,        1,  3110400, 8ee3bb33e94ba267885900a5135283f0
0,        902,        902,        1,  3110400, fc30689e521a27d64eccb090c98290f7
0,        903,        903,        1,  3110400, 02692aabe310c446e4d180ae33db1c38
0,        904,        904,        1,  3110400, 96af4828b6e9468c0996de06408d2d8e
0,        905,        905,        1,  3110400, 96af4828b6e9468c0996de06408d2d8e
0,        906,        906,        1,  3110400, 6f02c50140a013af455bb1d9a4e5264f
0,        907,        907,        1,  3110400, d6b307b713ba4c1167b118095041a95c
0,        908,        908,        1,  3110400, f84a11da9265f85a7b7e7c374507d029
0,        909,        909,        1,  3110400, 21a278430efc5d2dc8d7d3c1714bd8a1
0,        910,        910,        1,  3110400, f78467ca1356ac68cb84ae4847c8ec6e
0,        911,        911,        1,  3110400, f5dc3111ae7192cf359f9f678633ce86
0,        912,        912,        1,  3110400, dec53d1ba6310fd49e82af989a80bd6b
0,        913,        913,        1,  3110400, a9674bf4f2dd1da343553ae46e872ce9
0,        914,        914,        1,  3110400, a9674bf4f2dd1da343553ae46e872ce9
0,        915,        915,        1,  3110400, 8778b365b22ef815f694bc324e809d71
0,        916,        916,        1,  3110400, 01b9c31ade86e9422ca8163878c774fa
0,        917,        917,        1,  3110400, 1c7081e64af9d123535b9786c12e7a64
0,        918,        918,        1,  3110400, 3d4ccd1f97fb2c24f231aa14856d115d
0,        919,        919,        1,  3110400, bac844d5188d9a79c9eafbf51687ade6
0,        920,        920,        1,  3110400, 3c0886de94d4b2692263f0cc7c33028d
0,        921,        921,        1,  3110400, 08a6c35c9e0c3938a03be36d1709f8dd
0,        922,        922,        1,  3110400, 03cd8c6d1ef012304af144f989602b46
0,        923,        923,        1,  3110400, dcf2fbc4c086c0e49a78f7d088c36be6
0,        924,        924,        1,  3110400, 7387531b02d2988a172345b264869e9e
0,        925,        925,        1,  3110400, 07f28ca82937f4354be01361d4014ec3
0,        926,        926,        1,  3110400, 4a456bc208b13e5951e43787dc33fa05
0,        927,        927,        1,  3110400, 873346a8a2a57bdcfc442b4eb73574b4
0,        928,        928,        1,  3110400, a567c28e56414acae217c1b4ec76aa8b
0,        929,        929,        1,  3110400, d07420e03a61f12f645ede8b033b58a6
0,        930,        930,        1,  3110400, aaf93655d1986243f458cfb9a4c79480
0,        931,        931,        1,  3110400, 7a570f9d9d7e54a4c3a4bfb9cb77845a
0,        932,        932,        1,  3110400, f1a7591ccbd35deef758177aa3027880
0,        933,        933,        1,  3110400, bede823f8aa12fe61f1fe66c2b15f3b1
0,        934,        934,        1,  3110400, 13a287b072a8479a07d043a678a97947
0,        935,        935,        1,  3110400, 4052156852af0b4f745b1f35b07235a3
0,        936,        936,        1,  3110400, f5e84c000cb10102a41af67e87f0da26
0,        937,        937,        1,  3110400, e36df98438678a4c14ecdd69e5451c52
0,        938,        938,        1,  3110400, 30b0627b2e009baedf3a6393e6977024
0,        939,        939,        1,  3110400, 9cddf60b660e1938e9121a11115287b8
0,        940,        940,        1,  3110400, 71551bc87071aeb63e1c7f54633d3c80
0,        941,        941,        1,  3110400, 92ab3945da39d3f4f5dce94c4eba7e49
0,        942,        942,        1,  3110400, a522c15df0c93bd932aa71ac91cb45cf
0,        943,        943,        1,  3110400, b925af6c1d470ddeab0ae90ae6120d61
0,        944,        944,        1,  3110400, a672bb19e264672fa12fa1c7765ae936
0,        945,        945,        1,  3110400, c610be8e77ea7cd734e1561bba718042
0,        946,        946,        1,  3110400, 1d0ae63748ce14c6950186b0ea2b5329
0,        947,        947,        1,  3110400, 074dab94745e1401dbbd892e6cc6fab5
0,        948,        948,        1,  3110400, e3c0d1600da5316c210da7bf0e2a61e1
0,        949,        949,        1,  3110400, 0a34355c776c3a43ea23c85bc3840b9c
0,        950,        950,        1,  3110400, 6566280952ec01754653f32171a4f3d8
0,        951,        951,        1,  3110400, aeb60dc8e2026bd28ae4ca9ddf1e72c3
0,        952,        952,        1,  3110400, 8383d1de8c03d7fadca4547fd0281abb
0,        953,        953,        1,  3110400, 9b2caf43c3d0970b9db37605317a6c16
0,        954,        954,        1,  3110400, 5a3109f052d6b486cf2bb80892cc0d2a
0,        955,        955,        1,  3110400, 5e2aadb21d6ebdeeaa81e4c013dd9d84
0,        956,        956,        1,  3110400, ee31653d7fdd63c4b28d8977df963d80
0,        957,        957,        1,  3110400, 05b04eeb9c918d490718b1d3aa836d40
0,        958,        958,        1,  3110400, 922b3c59806e866f8186f9ddfa11fbb3
0,        959,        959,        1,  3110400, 88f00265721d8f9fe371d5d815a15396
0,        960,        960,        1,  3110400, a7232588288aa759fc06fed737372f0f
0,        961,        961,        1,  3110400, 617ed70e6f486ecf4229a00141b30c1d
0,        962,        962,        1,  3110400, adf99b9a02f572defd8a00ea9bd67e0d
0,        963,        963,        1,  3110400, 3bae5235e792ac69f2f793547f81e025
0,        964,        964,        1,  3110400, efba7cb99f4410e536c5b75aa3633b46
0,        965,        965,        1,  3110400, 149dd17b750e25cab09875712223e0ee
0,        966,        966,        1,  3110400, fec55c8c9a2d6d1c189ace065fc4ece4
0,        967,        967,        1,  3110400, e275ace7627390d0c53b2a1dd846d3dd
0,        968,        968,        1,  3110400, 007f6e634fed66a21ba45c441d78cda6
0,        969,        969,        1,  3110400, 252cd726c19ff742e0448f44cf9dd526
0,        970,        970,        1,  3110400, 9531df7e15bf3d8b36eb4ef8095ae47c
0,        971,        971,        1,  3110400, 6bba1f30a5dda2eb4f386275a9c40340
0,        972,        972,        1,  3110400, 3d2d9ec953ed21b0f0c7ed228b701baf
0,        973,        973,        1,  3110400, fc89baff75609cc6067f44068dc99852
0,        974,        974,        1,  3110400, fd1e850212be769b8c42b2c466ee7d5a
0,        975,        975,        1,  3110400, 0e003fca3f307f3ad319efbcd61c6a53
0,        976,        976,        1,  3110400, fee61f753c67c60d63d986a34feb461a
0,        977,        977,        1,  3110400, fee61f753c67c60d63d986a34feb461a
0,        978,        978,        1,  3110400, 0a46db9383e7fbe97b70fc95961d1033
0,        979,        979,        1,  3110400, 85ea4bf02754eeaf5373defb250cd82c
0,        980,        980,        1,  3110400, 85ea4bf02754eeaf5373defb250cd82c
0,        981,        981,        1,  3110400, fc0beea3a0ed521d7bc9bd5d290adfc1
0,        982,        982,        1,  3110400, 63750938937f0e4e76f53dd331e5856a
0,        983,        983,        1,  3110400, 57dfaa63bedfc06ae75e577150bd3d17
0,        984,        984,        1,  3110400, d53c4b5c2b7aaf4fcd58b4b33cdfef8c
0,        985,        985,        1,  3110400, 032399a2db2db4173a7dd57b18d8672d
0,        986,        986,        1,  3110400, fd8064f7e7e9b1bdf3f027001c6c8de1
0,        987,        987,        1,  3110400, 80a8bad4933cab1594906c8ad2318a8a
0,        988,        988,        1,  3110400, 7365203d9280806b1bed78dc29b7dabc
0,        989,        989,        1,  3110400, 2a6a04a28a5836b8eddf9def43063e1c
0,        990,        990,        1,  3110400, 8c3a86ef0f1dacfceff8ed694bf817f1
0,        991,        991,        1,  3110400, 08899b0f75f8cf2ecd52165982af620e
0,        992,        992,        1,  3110400, d8bbb9e80ec5bda08b0425696ea77442
0,        993,        993,        1,  3110400, 1bf471d7166640e9b956591ef1d5b8e1
0,        994,        994,        1,  3110400, 6b77d61f8496b10ca3702a81e21dae39
0,        995,        995,        1,  3110400, 539f685958d12dbc9e3f339b49f90397
0,        996,        996,        1,  3110400, ff574135540d6411ca2a4db0dcb64eac
0,        997,        997,        1,  3110400, 13a0e4a2a1702463a388bc0cf42a704f
0,        998,        998,        1,  3110400, 13a0e4a2a1702463a388bc0cf42a704f
0,        999,        999,        1,  3110400, 4cd27680e538502b0fcf872c82eb8f37
0,       1000,       1000,        1,  3110400, d8d1a4420a420035c7fa5edbaecaf106
0,       1001,       1001,        1,  3110400, d8d1a4420a420035c7fa5edbaecaf106
0,       1002,       1002,        1,  3110400, 13e9dadbf43929cc3c665549150381b7
0,       1003,       1003,        1,  3110400, 229f8da389fabdf9b34f8966ca24211f
0,       1004,       1004,        1,  3110400, bbd5bb30eef4c07d32e5182efae4d37f
0,       1005,       1005,        1,  3110400, a1dd8a430bbfe47e82a9f784081939f4
0,       1006,       1006,        1,  3110400, 17bed053a99aa80a36a06c66da720610
0,       1007,       1007,        1,  3110400, be5d29bc649cb72a4b6d61d13c644922
0,       1008,       1008,        1,  3110400, 79a66b5549e40f1a4088e7f12ba63b52
0,       1009,       1009,        1,  3110400, 6782dd03b3211c470808048798022884
0,       1010,       1010,        1,  3110400, b97b22ff8eb1578fbed83b714f19c791
0,       1011,       1011,        1,  3110400, 1ffbe97a0cd4a13ba2c33ef7c6f3eefc
0,       1012,       1012,        1,  3110400, 802b46f779d9cf87c47f072ca1143815
0,       1013,       1013,        1,  3110400, 82edcff32d6310698a04e869c103b65f
0,       1014,       1014,        1,  3110400, bbd4b8a7515c2ff1f7f519d0d9e9ffaa
0,       1015,       1015,        1,  3110400, 886c731fa1c76af159a05c2b553a1460
0,       1016,       1016,        1,  3110400, e74d646fd56b327382d3fc9f0ddc24b0
0,       1017,       1017,        1,  3110400, a7e8251223a6586c1cb0629637129639
0,       1018,       1018,        1,  3110400, 2572fb43e5a203f22df64063b081f82e
0,       1019,       1019,        1,  3110400, 01fb6198f7b302ec09a9eb54775f3926
0,       1020,       1020,        1,  3110400, 83d6f2c4db52ac894a3fd38c5a935581
0,       1021,       1021,        1,  3110400, 50454a745fcf6a2984efa64d17697460
0,       1022,       1022,        1,  3110400, 0c63a18bfd16f6723308dde08673f439
0,       1023,       1023,        1,  3110400, 405c04bdaf03bfe88a650cf044f36f64
0,       1024,       1024,        1,  3110400, 4ebcad4f6f0ead0b95d2df375b7e6a32
0,       1025,       1025,        1,  3110400, 4ebcad4f6f0ead0b95d2df375b7e6a32
0,       1026,       1026,        1,  3110400, b0644caf6edb1edc661bb73026c51c80
0,       1027,       1027,        1,  3110400, 16c88fa7b059c338a05a2eba8f7fdf84
0,       1028,       1028,        1,  3110400, 8a26e735131792be1e3c9747d9829436
0,       1029,       1029,        1,  3110400, e0b0ac95a3ae641975b693c547a7e559
0,       1030,       1030,        1,  3110400, 5b55b1d151b3d5714a4cd0917ea37afa
0,       1031,       1031,        1,  3110400, 475a5a783dccdd478353dcde100364f6
0,       1032,       1032,        1,  3110400, 25d27a9953e327ffc0b705f02bc32cb5
0,       1033,       1033,        1,  3110400, 4f73f54431b8e49e1f878cac52b3e9ae
0,       1034,       1034,        1,  3110400, b99b9d4e7c2ba643e4f48b026a420a03
0,       1035,       1035,        1,  3110400, 69088848b58720110a0a9778a0feb49a
0,       1036,       1036,        1,  3110400, eb208bfd4da6161c2289b6b485b39d0e
0,       1037,       1037,        1,  3110400, bbd08c33ff5f9bb74ffb3b0d13abf2dd
0,       1038,       1038,        1,  3110400, 2b89c8c7573cb7959ad0faa29110e809
0,       1039,       1039,        1,  3110400, 7ed8511226440d5250aea5e60546ea1f
0,       1040,       1040,        1,  3110400, 7dc84e242f8cffee592157f87ef51d58
0,       1041,       1041,        1,  3110400, d5ef196fa49a720fe3a779d3786ba931
0,       1042,       1042,        1,  3110400, 947270f4607434bb89790117cd408b80
0,       1043,       1043,        1,  3110400, c8d4e4a20541ec50dfe0b50ade87d545
0,       1044,       1044,        1,  3110400, 718a3cc36c74355bd1cccd991e498cd0
0,       1045,       1045,        1,  3110400, a91744bd19ec306a6009f910d284ec04
0,       1046,       1046,        1,  3110400, 83d0ec3044feba989e6ed3aeafc924de
0,       1047,       1047,        1,  3110400, a729ce0500e9bd276cf3f6810b243079
0,       1048,       1048,        1,  3110400, eeea19fb8c3f5ce7c9827caf3d0dd648
0,       1049,       1049,        1,  3110400, cde9bdc4aaa2181e6747d93084becc8e
0,       1050,       1050,        1,  3110400, 0e6f3d9af069b92496a761259948df80
0,       1051,       1051,        1,  3110400, 37b3f86aa2f372821632395f34b058f4
0,       1052,       1052,        1,  3110400, ea803b67c6c742a53725cd0aa928a867
0,       1053,       1053,        1,  3110400, a1e2b9fe3c826fa236fcfa8d43c690ec
0,       1054,       1054,        1,  3110400, 9a85053a178a8f3fbdebed3cfc9e215e
0,       1055,       1055,        1,  3110400, f625e0f280fb2180d0b2f5049d0a1f77
0,       1056,       1056,        1,  3110400, 93ddc00d395772f93b199fe14f3a6088
0,       1057,       1057,        1,  3110400, 4c50bc1073e1d835d7817a03973a02b3
0,       1058,       1058,        1,  3110400, d1ed079a6f04458b77505f6a9b753eb7
0,       1059,       1059,        1,  3110400, 998d40bb7c16a98fa9772255a38d66c5
0,       1060,       1060,        1,  3110400, 36950ae7021608ec7f5837b54d31afb1
0,       1061,       1061,        1,  3110400, d3d99034c7545b7491eb56a76913597c
0,       1062,       1062,        1,  3110400, 44d38c3eea7a44d30012c56e857f0227
0,       1063,       1063,        1,  3110400, 3dab655ceff4fb316e5a0bf49b6002fb
0,       1064,       1064,        1,  3110400, 3dab655ceff4fb316e5a0bf49b6002fb
0,       1065,       1065,        1,  3110400, c8d74806d6630161934cbc8192a71f02
0,       1066,       1066,        1,  3110400, f79feb59068957bc9bba99c18855db84
0,       1067,       1067,        1,  3110400, f79feb59068957bc9bba99c18855db84
0,       1068,       1068,        1,  3110400, 1e8bbff25d10f769cde3f2e75ae0d085
0,       1069,       1069,        1,  3110400, 8e006a84bd1d1499bababfae552854ad
0,       1070,       1070,        1,  3110400, 7b49b0733da13fa7511be26014135db4
0,       1071,       1071,        1,  3110400, 52d71d47de9021c37a1d4180495b47f0
0,       1072,       1072,        1,  3110400, 26ac052d8d4be293135ac3f8aea9218a
0,       1073,       1073,        1,  3110400, ce50c157ffea4dd90b3d41bf95b63670
0,       1074,       1074,        1,  3110400, 5a59a8ed001c5b4453d3a6b80250964a
0,       1075,       1075,        1,  3110400, 0af4331f1c3c243ab508afe0baf960ea
0,       1076,       1076,        1,  3110400, 7698134708481b3fa885b0a692d67664
0,       1077,       1077,        1,  3110400, de57bbeff8605f85e8d12d95b9c228ee
0,       1078,       1078,        1,  3110400, 365a2782ea24868f6f06baa9dafef3d9
0,       1079,       1079,        1,  3110400, 7717ed732bea05434a4293eda2aa3f9b
0,       1080,       1080,        1,  3110400, a932fa2cb1ac874d1a58f38d650a5008
0,       1081,       1081,        1,  3110400, c906f0e15267a428d42ab5afb61a3b97
0,       1082,       1082,        1,  3110400, e1d20c1e3b39d71447f0f9b6e9555f5b
0,       1083,       1083,        1,  3110400, 36a07bc5c98fefe52295ca004705fb65
0,       1084,       1084,        1,  3110400, b8c639c429ea83e07a4bb856fa625378
0,       1085,       1085,        1,  3110400, 558109b89094a9d3034ee16afdf6e634
0,       1086,       1086,        1,  3110400, 1b62f03719bb5105ad09b2ded95dddb5
0,       1087,       1087,        1,  3110400, b059f9730d9d5e196622ce77ef982bd6
0,       1088,       1088,        1,  3110400, 844744ec25c27504ddd3b1dd3b6a4fb0
0,       1089,       1089,        1,  3110400, 6b7fe9a8847ce497fc20786f839ed0d8
0,       1090,       1090,        1,  3110400, 8a15cc584ef6412517b64c1291c49b48
0,       1091,       1091,        1,  3110400, b01a2919e5fea47d9d162b73524296d6
0,       1092,       1092,        1,  3110400, c8edf152140bcd49e01d967416184f6b
0,       1093,       1093,        1,  3110400, 1f9aa31b85049a38e7e3f72136f02262
0,       1094,       1094,        1,  3110400, 1f9aa31b85049a38e7e3f72136f02262
0,       1095,       1095,        1,  3110400, 415e35c6ad3798d53b71f0ff315970d3
0,       1096,       1096,        1,  3110400, 55206c70bdeb62bac492e98aaea61b79
0,       1097,       1097,        1,  3110400, b9de03e4266ce6179355e546e381e879
0,       1098,       1098,        1,  3110400, b715168060b3944b920cb439d5f95cde
0,       1099,       1099,        1,  3110400, ce344791ec1f9840afb0211d0ccbb67e
0,       1100,       1100,        1,  3110400, 3dcd7fd5dd18c23aa39126374c525631
0,       1101,       1101,        1,  3110400, 558fa3ac4a6a6d17590da80c7e1ddda9
0,       1102,       1102,        1,  3110400, 4f45d164b92bd53dd9805682aa450580
0,       1103,       1103,        1,  3110400, 9173fc8908fe5b31817e6d7014e38180
0,       1104,       1104,        1,  3110400, cd4fd4f1ffba939de03ca3f567f21a86
0,       1105,       1105,        1,  3110400, 20c173de85562fd3c7a1ec47173b9cdc
0,       1106,       1106,        1,  3110400, 02ad105a2df91e9b56e14afbb1625056
0,       1107,       1107,        1,  3110400, 9556e3988740898e6e4401283a6f5117
0,       1108,       1108,        1,  3110400, 44579f6b7544231fe13c34320f1ad271
0,       1109,       1109,        1,  3110400, d8a4c25a9d8460ea4dc9fa742f30875b
0,       1110,       1110,        1,  3110400, b916c1236aaabd0cf3616f47e3807bc5
0,       1111,       1111,        1,  3110400, 9ea9bd3c9505e3eeb8eead59fe15c5c0
0,       1112,       1112,        1,  3110400, 1362a8a0be688ad353402fc2f878eb03
0,       1113,       1113,        1,  3110400, d080d204c560a39c3695fa8f93cb8362
0,       1114,       1114,        1,  3110400, f6e33deb2b16c56a0f8891fc4a53fb61
0,       1115,       1115,        1,  3110400, 2be941324a9b05f132aa20268e937206
0,       1116,       1116,        1,  3110400, 8e15e8de0b08bf5d2b43fea0f4f862fd
0,       1117,       1117,        1,  3110400, 03a09bd9025e68bac19088de5a0f261a
0,       1118,       1118,        1,  3110400, da79d1510a3d29125d990c9f41deec56
0,       1119,       1119,        1,  3110400, f36b2bc3e7af17b4cc24c21721497753
0,       1120,       1120,        1,  3110400, 47bb27a81530420a147414c813da9dd4
0,       1121,       1121,        1,  3110400, 997ee4ab90c47390963181d12d300be5
0,       1122,       1122,        1,  3110400, 7c39bb5c1aaadd004b25f7a4ff7363af
0,       1123,       1123,        1,  3110400, eadb65164e2ff9aa5006aa217417f767
0,       1124,       1124,        1,  3110400, 75304e805c016f2684977d873c642905
0,       1125,       1125,        1,  3110400, 9c7e19d77e91a121b5875c4d19f40b29
0,       1126,       1126,        1,  3110400, f19e4f6b16742cfa9720ff7a94439cd0
0,       1127,       1127,        1,  3110400, 6c035fe668821b3f472cb3f8485b7fd2
0,       1128,       1128,        1,  3110400, 6e5b2b77adaad087987e09891ad19d02
0,       1129,       1129,        1,  3110400, b6952e44ef239bc898286c872f253ab3
0,       1130,       1130,        1,  3110400, 158225854bab6beb15a09f020f5e0ea0
0,       1131,       1131,        1,  3110400, 7d82f8ccee04559280870c3c4141219f
0,       1132,       1132,        1,  3110400, 5bdce3649dfa60479caf1601434c4cee
0,       1133,       1133,        1,  3110400, 70b51ca16140eed39e9fb41eec8b94af
0,       1134,       1134,        1,  3110400, d03de1aa7c232ef24c97adc81708017a
0,       1135,       1135,        1,  3110400, ff4574b7729382c91d6ab1968d1c9ac6
0,       1136,       1136,        1,  3110400, 72fabf79641b592953d1dd7ca2fe1a51
0,       1137,       1137,        1,  3110400, 077fbdacd10818688de93e8a459bf0bb
0,       1138,       1138,        1,  3110400, 6f3e9e315655029ec178d6cd232b34e9
0,       1139,       1139,        1,  3110400, 6f3e9e315655029ec178d6cd232b34e9
0,       1140,       1140,        1,  3110400, 358fc88e8d83ab61b566765948af1616
0,       1141,       1141,        1,  3110400, 07f49aa091ad3e3e5c5f6617a479aa59
0,       1142,       1142,        1,  3110400, e924850be2f9a8ad17c6c21de1417603
0,       1143,       1143,        1,  3110400, 15c02c91b05793ba3748e9f9a1415c52
0,       1144,       1144,        1,  3110400, de237cb7ae44bc1f381dd3e1faa8a552
0,       1145,       1145,        1,  3110400, f30dc00e6b03830597d1cc19dfa39c61
0,       1146,       1146,        1,  3110400, 93ed593e504fb597230b19c478917a6f
0,       1147,       1147,        1,  3110400, 036be19e6aeb630f8794e34c09893e33
0,       1148,       1148,        1,  3110400, 5c5c9d507d25c7d32a1de7cd1b22772d
0,       1149,       1149,        1,  3110400, dd588f4dd8eb04d0156d00c9e0489fad
0,       1150,       1150,        1,  3110400, 487374e46bd9d86d4ab49871f08588c8
0,       1151,       1151,        1,  3110400, a78b80956bd3f29fc070fd0fc86d447e
0,       1152,       1152,        1,  3110400, 2816d54af313d40951da42418609a266
0,       1153,       1153,        1,  3110400, ce35634ca80e9166d347ecec9d3a2cc6
0,       1154,       1154,        1,  3110400, 5df8b351bdb3ea2d65e38a4319610b77
0,       1155,       1155,        1,  3110400, 310125fa10e331ade989c00cafa0fb43
0,       1156,       1156,        1,  3110400, fa735fab56128410fd828a61eb1d5a21
0,       1157,       1157,        1,  3110400, e7b98480183e1cfede477c04f88f5792
0,       1158,       1158,        1,  3110400, 36cb7ee6bb43ab522070d990d628c908
0,       1159,       1159,        1,  3110400, 4ee2a465ce566205c05279a0197a3186
0,       1160,       1160,        1,  3110400, 4ee2a465ce566205c05279a0197a3186
0,       1161,       1161,        1,  3110400, 943f9eb432c0cd4e73b64db26fda3475
0,       1162,       1162,        1,  3110400, 54583878a83062c33fbfd541235ab7eb
0,       1163,       1163,        1,  3110400, 30b7f9f5d7efc1ab2670500d28a85d2d
0,       1164,       1164,        1,  3110400, df3935111ac811607e0ce33854780b10
0,       1165,       1165,        1,  3110400, 413ed6c43971bad9644873fba6033c8d
0,       1166,       1166,        1,  3110400, d6ec40c5283adf25f16c72c87ac29642
0,       1167,       1167,        1,  3110400, 72142c861e18fa670e464fe1c348ea4c
0,       1168,       1168,        1,  3110400, 4305eefb1e442e626784742e078e3528
0,       1169,       1169,        1,  3110400, 6a04880b6da92bfce3ef511a093b433b
0,       1170,       1170,        1,  3110400, f097c95a408e53c632feefd7a3fed133
0,       1171,       1171,        1,  3110400, cef670b5406bdadd5bc1ab5b42df49d7
0,       1172,       1172,        1,  3110400, 7d6b1b21a292c283281e68f9ba68bcc7
0,       1173,       1173,        1,  3110400, 9c7d35e5fbfffe718dc8300855f5f922
0,       1174,       1174,        1,  3110400, 6c3ac395f092fd9f59c9d4243a7c3371
0,       1175,       1175,        1,  3110400, 9d3d729d12bc85436a87ceb6daa1b88d
0,       1176,       1176,        1,  3110400, b1aecc21120d3b47578de4560d95753d
0,       1177,       1177,        1,  3110400, 0549e16b0a27a5b442cde17ffaea08b0
0,       1178,       1178,        1,  3110400, d2532a9a59c80f8ab28987a5e0bb92b6
0,       1179,       1179,        1,  3110400, aa8b48a02bcabe54f48f1bc2569a9051
0,       1180,       1180,        1,  3110400, 3ac3f93b9fed1070b217d771b524fb9a
0,       1181,       1181,        1,  3110400, d1622a72beee5bc711a0ce8d480fa82f
0,       1182,       1182,        1,  3110400, 993ad676d247c803eea1f7a58dcaedda
0,       1183,       1183,        1,  3110400, 66dfa71ae92b95344a412c5aed5d1b0e
0,       1184,       1184,        1,  3110400, 1c45479069911e138df7131610a3ab36
0,       1185,       1185,        1,  3110400, 9f38967392243787177a597c5cc9b131
0,       1186,       1186,        1,  3110400, 799ffff752137967c215f3a69108fd7c
0,       1187,       1187,        1,  3110400, 7b9b8ad1f56334d423ae470dfb8365f6
0,       1188,       1188,        1,  3110400, 4f19948df21938698bb42c6c146c96c4
0,       1189,       1189,        1,  3110400, 4321d89804bfdc320866c969fb381293
0,       1190,       1190,        1,  3110400, 4321d89804bfdc320866c969fb381293
0,       1191,       1191,        1,  3110400, 059b492e937a78e5cd271d26c6530b7c
0,       1192,       1192,        1,  3110400, 7a83407585c440842ec02c35ecb0993c
0,       1193,       1193,        1,  3110400, d81234baa515f39ed5b79e566b721683
0,       1194,       1194,        1,  3110400, 90f5ae6abdd54a36e029b876bd3636ca
0,       1195,       1195,        1,  3110400, 1b5f0d5ccca499575bf4f550c43dbd24
0,       1196,       1196,        1,  3110400, 7ecce497a6e134746d3cc98547f98bd2
0,       1197,       1197,        1,  3110400, 12f1a8796e0a2f489ad626c8bd747baf
0,       1198,       1198,        1,  3110400, 0a4051e2ba87dcd61ac4c77372fcc580
0,       1199,       1199,        1,  3110400, 7312412d2b7d0fc94a06d4bb56a12120
0,       1200,       1200,        1,  3110400, 9133b41dfbb86ae670005ed420d06cb1
0,       1201,       1201,        1,  3110400, 65a7c7e6ce692165f45afa1400b2f203
0,       1202,       1202,        1,  3110400, d96e164e709ed73a0c844802c2eee3c1
0,       1203,       1203,        1,  3110400, 935110fa643c0298f0dcb17b669094a7
0,       1204,       1204,        1,  3110400, dc99e1b3f18d5d8ffea37d67ea732c23
0,       1205,       1205,        1,  3110400, d279e47d0611c1f5a23425f6acbb650d
0,       1206,       1206,        1,  3110400, 0413ed4515f91c3fe6bd2890a482d36b
0,       1207,       1207,        1,  3110400, 0e502a0b72276c6a763d66f7705a257b
0,       1208,       1208,        1,  3110400, 1c975c81faa75298bbfdf72af47655e0
0,       1209,       1209,        1,  3110400, 4cddbda638861bff710b37c63cff6e3e
0,       1210,       1210,        1,  3110400, 147a5803e42e77d1fb794e4940726fef
0,       1211,       1211,        1,  3110400, 147a5803e42e77d1fb794e4940726fef
0,       1212,       1212,        1,  3110400, a9f8dbe0fdecfe072a488f991d4cd688
0,       1213,       1213,        1,  3110400, d32d8388db142582018ebfa3d187bb6d
0,       1214,       1214,        1,  3110400, e2d3fbc7ab9b9c0b0e4726ca9ac8fcb6
0,       1215,       1215,        1,  3110400, f130413e8207b9952c46aa7dd1dfce78
0,       1216,       1216,        1,  3110400, b1e6eb150dd66c23995a9293a1c529dd
0,       1217,       1217,        1,  3110400, fa79222af096ac99cd44738fcd5240ff
0,       1218,       1218,        1,  3110400, 1e362a43452e0335972552c451d7487f
0,       1219,       1219,        1,  3110400, 4b8cd784131a45c66b1f8ae36d54b74b
0,       1220,       1220,        1,  3110400, 6b5775f89d5f749488f66369f27b09d7
0,       1221,       1221,        1,  3110400, 4bdc59f87a215cd47e9bf75a61c991f2
0,       1222,       1222,        1,  3110400, a453fa783ebb54290f7f6cda3c55d666
0,       1223,       1223,        1,  3110400, 9ed9f370c9f9b40c04d5ae93f5cbb5eb
0,       1224,       1224,        1,  3110400, 6274862194d97b100236b91d6c232160
0,       1225,       1225,        1,  3110400, 76cc3aeb386488ff3f2ba679b9d34104
0,       1226,       1226,        1,  3110400, 2c219d529045d2cef501b42c0581155e
0,       1227,       1227,        1,  3110400, be5c008331fc0ac8865e6e00c8a6ba32
0,       1228,       1228,        1,  3110400, 9a27249a1c5241deeeee04f73e9a6a5c
0,       1229,       1229,        1,  3110400, 9a27249a1c5241deeeee04f73e9a6a5c
0,       1230,       1230,        1,  3110400, c18e2ad9c9815171493aea891ac8659c
0,       1231,       1231,        1,  3110400, 87cde3553ae5bf396dad7fcff5a3ff5b
0,       1232,       1232,        1,  3110400, f5026b65182660412eacb43ec5c52e9f
0,       1233,       1233,        1,  3110400, 228f6611b6d091e649deb4772617d8b5
0,       1234,       1234,        1,  3110400, 09c01b0da65376cc396805b26941f9a8
0,       1235,       1235,        1,  3110400, 3749650a722b53e910684f3b7ac27f56
0,       1236,       1236,        1,  3110400, a4b85e66fbece8060f772295e5a26756
0,       1237,       1237,        1,  3110400, 0070963e28a8c5b813a4e056d8e64159
0,       1238,       1238,        1,  3110400, edca90f8ba9f20598502807c197aba1d
0,       1239,       1239,        1,  3110400, e3fbd152be4e8a9a9102a7cc6c04da03
0,       1240,       1240,        1,  3110400, 50523c74e776ec3a8eed9b63b979aec0
0,       1241,       1241,        1,  3110400, f4b86a6ff03ab21f66170b6a6617bd7d
0,       1242,       1242,        1,  3110400, e5a0471da7cd6380388ba82d019c2ce9
0,       1243,       1243,        1,  3110400, 2003e644455c98b61452b6d3530271c1
0,       1244,       1244,        1,  3110400, 77f39287ac7284afcde187b96a4f8c2e
0,       1245,       1245,        1,  3110400, 102f942c10769959dd6c3d337348a367
0,       1246,       1246,        1,  3110400, f659dd98a4b52aaf4f95ee4de442b782
0,       1247,       1247,        1,  3110400, 3db6830530f79d537670822c92c32bbe
0,       1248,       1248,        1,  3110400, 9651614e29e78e015015faf26f445644
0,       1249,       1249,        1,  3110400, 3c05f0bc41036ba17e34f70868719511
0,       1250,       1250,        1,  3110400, 4b6dedddb396e63fd7cc2baab6790af3
0,       1251,       1251,        1,  3110400, 46a386031e038c4cdda8cacac0a37829
0,       1252,       1252,        1,  3110400, 97877d1398543131bb33529534b3dbc1
0,       1253,       1253,        1,  3110400, 6cdaa261118d7cc1bed3445257f22d86
0,       1254,       1254,        1,  3110400, ea5739305a281f4ef8acf9dd66b02d52
0,       1255,       1255,        1,  3110400, 4852d145ce15d70fc6f40a0a0fb50a6b
0,       1256,       1256,        1,  3110400, 2c44e05751d5e30f45b5696e07da98c4
0,       1257,       1257,        1,  3110400, ab88656401fe855cd234eb06ab128f10
0,       1258,       1258,        1,  3110400, 9f7406034b36c53083a602cf4cb78d1f
0,       1259,       1259,        1,  3110400, 846ee2465dd730445bf693fa612f973a
0,       1260,       1260,        1,  3110400, 3406090abc03946a209f8c494dbdf1ed
0,       1261,       1261,        1,  3110400, 6d67ee9fbb4465e7deb3d8e3753f2ce6
0,       1262,       1262,        1,  3110400, 607bebc96e3199bb897ca458ed6f48a5
0,       1263,       1263,        1,  3110400, 1b1eca3571db7559198b3e0d519f3b03
0,       1264,       1264,        1,  3110400, 96e70b849109f44af59146e31b0b6217
0,       1265,       1265,        1,  3110400, 88cfaeac14fd2bc28a46f82260239c66
0,       1266,       1266,        1,  3110400, b8928b31044768b5fe4dd4a40ded4a01
0,       1267,       1267,        1,  3110400, 6806e4d01383695ac0c818642f31c2ce
0,       1268,       1268,        1,  3110400, 26c289ba1bdb393befa5de84897417ee
0,       1269,       1269,        1,  3110400, 4fd6ee2e3b411dd2cff1ba9506407077
0,       1270,       1270,        1,  3110400, 64766ddd5b0dd3f89d12b8703eac7b28
0,       1271,       1271,        1,  3110400, 645e6ffaf5ab254139ad8cab2f3b4377
0,       1272,       1272,        1,  3110400, e724a3617ef25b6dc3981d24c2e9b7b7
0,       1273,       1273,        1,  3110400, b51d43d860072669c7ebde2b27d5c36b
0,       1274,       1274,        1,  3110400, 0aa7316cee2a591cff5c7acf1e63b3bd
0,       1275,       1275,        1,  3110400, ff195e06ea4ef752baa42e6b52661e72
0,       1276,       1276,        1,  3110400, c07ed9c99ee61e3d577f11b31f55b4b2
0,       1277,       1277,        1,  3110400, c07ed9c99ee61e3d577f11b31f55b4b2
0,       1278,       1278,        1,  3110400, 07f77c2e18eb94dc14db671662bda8fe
0,       1279,       1279,        1,  3110400, 30564f03575af7b59c57c7ab79dc6ced
0,       1280,       1280,        1,  3110400, 94e84adcc3462c00811101decb7d476e
0,       1281,       1281,        1,  3110400, 61f9c0c7f512e2ca62f74b1b79b7e30b
0,       1282,       1282,        1,  3110400, 84dc09d4f8f353b9924dff8b64636e0f
0,       1283,       1283,        1,  3110400, 5ce8cbe97930030d55e1e2d911cbda17
0,       1284,       1284,        1,  3110400, 4b9fc4a0d387d221852ff888907345aa
0,       1285,       1285,        1,  3110400, 58c194550efae9fb28b35c5475c12de9
0,       1286,       1286,        1,  3110400, dfa36d1321c96954d86c2293b1217ee0
0,       1287,       1287,        1,  3110400, ad57f149c60283eed2d8487a75035ba3
0,       1288,       1288,        1,  3110400, 02e269840f8ef0b378a81d3cea8b0c92
0,       1289,       1289,        1,  3110400, 4f06a6b76a7a03620e1f0e17f564760f
0,       1290,       1290,        1,  3110400, ba87a65b8c5f80fcb8673a8e0dee1b5a
0,       1291,       1291,        1,  3110400, 67dba4314fe12821fd81b4559d4f04c3
0,       1292,       1292,        1,  3110400, ba9bbe67c1e2d0ac70bd82d5030a3844
0,       1293,       1293,        1,  3110400, f6e29ed50ba1a1f459e41c9d805bfc89
0,       1294,       1294,        1,  3110400, 3bc6bd2b17874fe18f3283fa0fe67c86
0,       1295,       1295,        1,  3110400, 3bc6bd2b17874fe18f3283fa0fe67c86
0,       1296,       1296,        1,  3110400, 58b672682dadc613b45ea5bc379dcf4e
0,       1297,       1297,        1,  3110400, 06746f55be27ee2ac0c8c476bbed4346
0,       1298,       1298,        1,  3110400, 1a401b1f69c869ac853dcdbc75b57d18
0,       1299,       1299,        1,  3110400, 0d83f2f39d82dfb30641e12e01c2033c
0,       1300,       1300,        1,  3110400, 2651361a4823e819b3775cf4532f5f1c
0,       1301,       1301,        1,  3110400, dc56a4b7f9285ae2ec44c0620f0f17e4
0,       1302,       1302,        1,  3110400, 32fae4afb4e142b397e04e11fac52672
0,       1303,       1303,        1,  3110400, 27ce7dd5b10c9ccecd40ff5e130ce49b
0,       1304,       1304,        1,  3110400, c134979ad744969b6c432af1aa5a0412
0,       1305,       1305,        1,  3110400, 3b8a72ffd92005c324d5f32e433e7062
0,       1306,       1306,        1,  3110400, f3f2925e35c29a6e499cea873914cda0
0,       1307,       1307,        1,  3110400, df3b265a2b54ef44c1f0e9f2f2d757bf
0,       1308,       1308,        1,  3110400, a7500941f6a6aa20416ec963447d96cb
0,       1309,       1309,        1,  3110400, 1f97077975f7061accdabe3acf397a10
0,       1310,       1310,        1,  3110400, 2179fb4e48d5fa9c0f846351b0faff4d
0,       1311,       1311,        1,  3110400, bc1dd3e776929bfd2ab28b16715f0122
0,       1312,       1312,        1,  3110400, 2ac201b3ac8c7802aa1a26752d1ecfbf
0,       1313,       1313,        1,  3110400, 23eb81c3764227b6ebb5b153b54c914b
0,       1314,       1314,        1,  3110400, ff4a4e97c7cbd54fce5ba0d24ea8b1e4
0,       1315,       1315,        1,  3110400, c62e3cb54bb0216492a99423c4f16ecd
0,       1316,       1316,        1,  3110400, 1bf72a779e1f04e1e4091ee499a22647
0,       1317,       1317,        1,  3110400, 87445d99dde6f98a248e73557e73e4a3
0,       1318,       1318,        1,  3110400, bd22ebb161a2bbee92668831d86d838d
0,       1319,       1319,        1,  3110400, 989a771af907deff95f9b7cfc472d137
0,       1320,       1320,        1,  3110400, c7c7bdeb7c8fd56e8b432cf792e7d37e
0,       1321,       1321,        1,  3110400, c41539d7f51fce813cfd68083f4bd753
0,       1322,       1322,        1,  3110400, 3b6937b24a41f2fd360d2ab94da073f7
0,       1323,       1323,        1,  3110400, bc0df389c844e388702b75e721f9075e
0,       1324,       1324,        1,  3110400, fccd813b5c596021fe47e24bb9f2315f
0,       1325,       1325,        1,  3110400, f4fbeba610e5da7ad9596e89f2640b53
0,       1326,       1326,        1,  3110400, d6e57c1e1de5bf441ce14a6f43accefd
0,       1327,       1327,        1,  3110400, 39b54f2e4fceb5b26afd808acbdc8ab3
0,       1328,       1328,        1,  3110400, 47f6ea80ce3859af24bee51876189f9a
0,       1329,       1329,        1,  3110400, fdfd36e1cfac5bea893849d57be46576
0,       1330,       1330,        1,  3110400, 1b06def9dd4cc946a909c7d1ed1c733d
0,       1331,       1331,        1,  3110400, d43c048d14f8219824301e9613d6a6a9
0,       1332,       1332,        1,  3110400, 14a4d019c29d008e4cb319661ffa70a5
0,       1333,       1333,        1,  3110400, 1365d4b0e57c1c781714d57876b987fa
0,       1334,       1334,        1,  3110400, 7f6f36aa544404d4663fe6868fb0b6e0
0,       1335,       1335,        1,  3110400, 9f9252a082a139b2e55a5e6bd801b18c
0,       1336,       1336,        1,  3110400, 72e39abbf0f2ef74c4a3a8c2f786511b
0,       1337,       1337,        1,  3110400, d12468b6073bc18cfc5d315b05912917
0,       1338,       1338,        1,  3110400, e03f248c83bc468c7e65a636eb32177d
0,       1339,       1339,        1,  3110400, 342d4a69ead3632744be8f7ee37973c4
0,       1340,       1340,        1,  3110400, 16c832231dd01a3ddea960a390662e55
0,       1341,       1341,        1,  3110400, b1a57288ba345374847cd7557861c116
0,       1342,       1342,        1,  3110400, c6b2134a798af4a9d0a7e2169ab59f6a
0,       1343,       1343,        1,  3110400, 771471466981d04286d4f43c483985db
0,       1344,       1344,        1,  3110400, 5e60e17828bf510070ff86a1e5d6bfe5
0,       1345,       1345,        1,  3110400, f32b936553d9004179ebe163ec9ffd8e
0,       1346,       1346,        1,  3110400, 8f558c3b3b04c241515432ef90b6c930
0,       1347,       1347,        1,  3110400, f94cc386b3445d9ab1c4adb167b6b0ca
0,       1348,       1348,        1,  3110400, ba82919c4ba16126c75ced36ce1232e8
0,       1349,       1349,        1,  3110400, 4af60fd40b84907895d6fddb259930fb
0,       1350,       1350,        1,  3110400, 4d846b83ca950e691d97d6b9b8978919
0,       1351,       1351,        1,  3110400, d3fd880ec758c574f47c299717aa6be6
0,       1352,       1352,        1,  3110400, 3fae5b71a222665d794f540a0d8da4f2
0,       1353,       1353,        1,  3110400, 49f34b97d02e4016cb12a1eb4d936a1c
0,       1354,       1354,        1,  3110400, a0682b542070c61594c3312eb848d427
0,       1355,       1355,        1,  3110400, a669d9ea2822846179332a5f6179e8e8
0,       1356,       1356,        1,  3110400, 3a20d7f4785fa887ece8d51f49d62311
0,       1357,       1357,        1,  3110400, 34822a363206ee2e9b5ff0a0f22bfd49
0,       1358,       1358,        1,  3110400, 64ac48cf0729de8a61ff841a1c6fb3be
0,       1359,       1359,        1,  3110400, e887a98f1a13ed61b972182b43f53aaf
0,       1360,       1360,        1,  3110400, 06c8da2617a18208637dbb1fc5cd2dea
0,       1361,       1361,        1,  3110400, 7d34dd38fea1d9e310afddb548284b40
0,       1362,       1362,        1,  3110400, b94af5666981047929134cd560079815
0,       1363,       1363,        1,  3110400, 1093223413945e6973e5f4583e628ca8
0,       1364,       1364,        1,  3110400, 1093223413945e6973e5f4583e628ca8
0,       1365,       1365,        1,  3110400, cc2a9c32184e76ed35e98c361f5cf9c6
0,       1366,       1366,        1,  3110400, 8bd98ddfca798cd4f80200238f4e98b6
0,       1367,       1367,        1,  3110400, 022539be56d723976476f7e7324b1feb
0,       1368,       1368,        1,  3110400, 8c04c88bf0da62535cc449d712f302ba
0,       1369,       1369,        1,  3110400, f5016bb653cd4252e6e62638ec7e9a9e
0,       1370,       1370,        1,  3110400, 20148a43c6b44467de9989de79c7b738
0,       1371,       1371,        1,  3110400, 6dd7c4f7e4a33d7faf34d5b7ce36c747
0,       1372,       1372,        1,  3110400, 66d0850bde39a64f3fc5d7364d1751ec
0,       1373,       1373,        1,  3110400, eba880fb7074394e9a9fe8a03af1a2e1
0,       1374,       1374,        1,  3110400, eee4cc9c34f4efb5677274e5cdb52007
0,       1375,       1375,        1,  3110400, b43701dd5eec3e7eb59b753eee6bf7c3
0,       1376,       1376,        1,  3110400, 6235dfbab1e3ec8e6b44fcf46f3dba9f
0,       1377,       1377,        1,  3110400, 8fe269164c05bb109e6d646b8717697b
0,       1378,       1378,        1,  3110400, a4169f7df8778dc18dae7546607b57b9
0,       1379,       1379,        1,  3110400, d73502ca0248077af420fb429f186e76
0,       1380,       1380,        1,  3110400, b86b3565d293f3bd14cba682343ca3bd
0,       1381,       1381,        1,  3110400, f5619c4a8bc9c6aaf468876a5ac17b4d
0,       1382,       1382,        1,  3110400, f5619c4a8bc9c6aaf468876a5ac17b4d
0,       1383,       1383,        1,  3110400, 8cc2648938e57318594917ceae1c0aa7
0,       1384,       1384,        1,  3110400, 837f9980f10136df11ecfa8def55002d
0,       1385,       1385,        1,  3110400, 4e2974589369d1672fffe94c16a9db94
0,       1386,       1386,        1,  3110400, 2efafaf710a6f5bdaa9f2309cebb9d26
0,       1387,       1387,        1,  3110400, 83e9011eb6b3349b0011a872e4b0d2b4
0,       1388,       1388,        1,  3110400, ea4d3827869dbfb427715f51cb275845
0,       1389,       1389,        1,  3110400, 3869d5c80a995a7a0d06b893394e3d98
0,       1390,       1390,        1,  3110400, ed708ca998f71711416fb8196223b500
0,       1391,       1391,        1,  3110400, 53626c60293fd80bdedb45f4510ac043
0,       1392,       1392,        1,  3110400, 550adddfcb82ddefccb1ad06669b027d
0,       1393,       1393,        1,  3110400, dcf739dd4b1898b3f67cbe1d3920d773
0,       1394,       1394,        1,  3110400, c08fc169ffa81eccb32a12218f0fbff8
0,       1395,       1395,        1,  3110400, 16cec2995ee513ce2139171013e6384a
0,       1396,       1396,        1,  3110400, d156f2f26f868cddc0abb9d180c60e3d
0,       1397,       1397,        1,  3110400, d156f2f26f868cddc0abb9d180c60e3d
0,       1398,       1398,        1,  3110400, d2070f32b13b59b8546d7b6746f5a89e
0,       1399,       1399,        1,  3110400, 6c3f78a92d75482a99acb921cd62c045
0,       1400,       1400,        1,  3110400, 1212adafc1911991effb005cc36f36c4
0,       1401,       1401,        1,  3110400, 54e93168a406ac11fadd5ceff027386d
0,       1402,       1402,        1,  3110400, a5e043b8b45114ae15c487c3eebbf8fe
0,       1403,       1403,        1,  3110400, 4bd2fc8d9f2a36a4bdfbbedf42f212a8
0,       1404,       1404,        1,  3110400, 2477683b5ee437a34140d011e6c490b4
0,       1405,       1405,        1,  3110400, ebbdf2559e467b149f84137cc6a7b850
0,       1406,       1406,        1,  3110400, e99904b203153292af9763c1e04fef0c
0,       1407,       1407,        1,  3110400, 9c81989a2420ca0d06bd10a9e30bbc4b
0,       1408,       1408,        1,  3110400, 6bfdec2ad9c06a934d7917e958776066
0,       1409,       1409,        1,  3110400, 4c3f19fe84b7bfd09f56f9aa5d8792d6
0,       1410,       1410,        1,  3110400, 6a27e8e35c21cc0c0d4df2d5d7db060f
0,       1411,       1411,        1,  3110400, 21e3ef25a53fae6096fad591517ea915
0,       1412,       1412,        1,  3110400, 98d3de9d2bb6a253ca1d8bf2585a5f27
0,       1413,       1413,        1,  3110400, fe4f3959eb17b4d4049bd8aa84a74e7c
0,       1414,       1414,        1,  3110400, 571c96730b9cfad0d20b01402c9c1c85
0,       1415,       1415,        1,  3110400, ab2cfe8df7ff569fa592befce019130c
0,       1416,       1416,        1,  3110400, 0b4626cc012771539868d46b8afd5f2f
0,       1417,       1417,        1,  3110400, 3291bc430f62532f1a8350f48c066aca
0,       1418,       1418,        1,  3110400, 32985244e3a865b45cd92ca733ecda71
0,       1419,       1419,        1,  3110400, 71226674f1e6345ed20ba6b2135923fe
0,       1420,       1420,        1,  3110400, 22fab428ff3a834a42ee863f0a2ce4bc
0,       1421,       1421,        1,  3110400, ab5234334e6c8df3ff8e073d8f58bac4
0,       1422,       1422,        1,  3110400, adbbf3ee8f0ab168877a0bada5e01f61
0,       1423,       1423,        1,  3110400, c7fc599990881fb87f0d70f7b825d393
0,       1424,       1424,        1,  3110400, eb4b0d683d4ed6d10cdabd75c03f9e90
0,       1425,       1425,        1,  3110400, b0bcff9254a8b945f16e900f4ef435cf
0,       1426,       1426,        1,  3110400, 84822c04a1f9ad36b3201c5fe23ee8db
0,       1427,       1427,        1,  3110400, 84822c04a1f9ad36b3201c5fe23ee8db
0,       1428,       1428,        1,  3110400, 936b3ad536ffcde21bfda0123e3c8eeb
0,       1429,       1429,        1,  3110400, e3d3c3216f8fa0480e8f1d8b1058ca1c
0,       1430,       1430,        1,  3110400, 5cf49e7953b219780cb7022dd7e8abda
0,       1431,       1431,        1,  3110400, 33c00980c34b272753ae84e7992304e3
0,       1432,       1432,        1,  3110400, 8a9f40be4a67759d15c8126d112cfc44
0,       1433,       1433,        1,  3110400, 145c000281bc6fb5e2419b43800a7f81
0,       1434,       1434,        1,  3110400, 8c55f3c578f4dbbe4ecbcfa0bee89c7a
0,       1435,       1435,        1,  3110400, e0f0eb922dfaaa4f891bd101c633c080
0,       1436,       1436,        1,  3110400, 45382b3aea5c0b4cd532dcc259bec3bf
0,       1437,       1437,        1,  3110400, 8881e27c536789eee67ba5a3f13a029a
0,       1438,       1438,        1,  3110400, 4acaa7fb0449109f3de15985bf015796
0,       1439,       1439,        1,  3110400, 10688c4a1105149c7d9e92700c95491a
0,       1440,       1440,        1,  3110400, bc1918867623c52ac79f959fd434b3e5
0,       1441,       1441,        1,  3110400, 69ad58370122737b608b632cbce340fa
0,       1442,       1442,        1,  3110400, 8972fd085a30f2888997ffb18df63ec3
0,       1443,       1443,        1,  3110400, f9314f54ef4c02cf286940bda6e758aa
0,       1444,       1444,        1,  3110400, 13e5922d9e59df11fac05bf361db1d4a
0,       1445,       1445,        1,  3110400, 88272c4682405132589d38afb06a2ae2
0,       1446,       1446,        1,  3110400, e9880e9ff5ffa0a022dd7a5986a937c1
0,       1447,       1447,        1,  3110400, 203c8700389710c0fa812b6c7a4619b2
0,       1448,       1448,        1,  3110400, 20b6f38414100e2035c2ccd81305708d
0,       1449,       1449,        1,  3110400, 43736ec0e0b7aba65bc5c0095241a658
0,       1450,       1450,        1,  3110400, 2b03ecf072495bb06b915c4e432a90de
0,       1451,       1451,        1,  3110400, 120bea936015d44cd572b49dc155152f
0,       1452,       1452,        1,  3110400, 1e826e3c2426af6ea74bc5e7f2c2b29a
0,       1453,       1453,        1,  3110400, 203354d9a123d9f6907ee35a5b99aa92
0,       1454,       1454,        1,  3110400, 58cb03de0adfa507e13819a281f97bf1
0,       1455,       1455,        1,  3110400, 9c284337d104d5cd7186c8a05ddcdf00
0,       1456,       1456,        1,  3110400, 0967c6e62489bc71fb3de1f341e920d6
0,       1457,       1457,        1,  3110400, e1937cba0e906dc347fc0293d6afa6a7
0,       1458,       1458,        1,  3110400, e1cdb17e5e350872e2bce65d788d4fec
0,       1459,       1459,        1,  3110400, 5d6f47f161adaf9d73a138d52df86cc2
0,       1460,       1460,        1,  3110400, 945975055807e4eb35cfe4a0d48e9582
0,       1461,       1461,        1,  3110400, d5cec802ea2f0a2ae7f9f6dfe88c9430
0,       1462,       1462,        1,  3110400, d98b515f8e1ef281ed3932f5be688c11
0,       1463,       1463,        1,  3110400, 9ae983674b5ddb943a39cd0105f2b9e6
0,       1464,       1464,        1,  3110400, e4b4811533170d11ec9a20eed1895dc7
0,       1465,       1465,        1,  3110400, 6ebbaf73151e2b7529894acb50772c3f
0,       1466,       1466,        1,  3110400, 1430cfb87544f5a747db5c680e5a0a75
0,       1467,       1467,        1,  3110400, 8cb8b25394d8c7e3bd0aacbf8eb9f28d
0,       1468,       1468,        1,  3110400, 6243b28d2ce65457e336e51ce8ef42d0
0,       1469,       1469,        1,  3110400, ca3df46c5f66ccf2f3dbf680c238660f
0,       1470,       1470,        1,  3110400, 9b6f8b38e2fc3dec34bb2cf63908326e
0,       1471,       1471,        1,  3110400, 8643730c8ce41de614da77b9f7128b1b
0,       1472,       1472,        1,  3110400, 62db457f5e520e13cd99fad37547b46c
0,       1473,       1473,        1,  3110400, c3cc9c03329f20d36e1f1567381e0dd8
0,       1474,       1474,        1,  3110400, ab883abd80c135e57950ae416025cec4
0,       1475,       1475,        1,  3110400, d122018ab66d5fefdde71b4362ee7356
0,       1476,       1476,        1,  3110400, e0ebb2c54f4e2d8dd3cb9021eb4fdf5b
0,       1477,       1477,        1,  3110400, d6f409c662b6f0762d8ccb4cb98472ee
0,       1478,       1478,        1,  3110400, d1e25c0c34e603d83af1d0ddd16b81a1
0,       1479,       1479,        1,  3110400, 598ca3da31cdef6602c069c9986ab0e4
0,       1480,       1480,        1,  3110400, ee9620001e85cf946966a4a2cd44efaa
0,       1481,       1481,        1,  3110400, a63153d17b1e186b36cba291c8b5e467
0,       1482,       1482,        1,  3110400, cfb19319a1dc965b06dded4c14552fff
0,       1483,       1483,        1,  3110400, 630ab6b2661acd2492538abe60a73cd1
0,       1484,       1484,        1,  3110400, 6c4186c846ae10375ec1371f20b75d0c
0,       1485,       1485,        1,  3110400, 5c6af0b7c829f261d897968bb3d264b0
0,       1486,       1486,        1,  3110400, 1f94835d131d49de59a8c4bb89f4ef08
0,       1487,       1487,        1,  3110400, d0d87b70b90a65096cd49a7cc19c93a6
0,       1488,       1488,        1,  3110400, a9674e87b1f7bf5d4f60836aca88acdc
0,       1489,       1489,        1,  3110400, 1da855e1835f2b517ff34fc9b7522b9b
0,       1490,       1490,        1,  3110400, 1da855e1835f2b517ff34fc9b7522b9b
0,       1491,       1491,        1,  3110400, 8111a71876dfe7f2f5988a1286f8101a
0,       1492,       1492,        1,  3110400, 77206bacbfcdad36b0523850babd4a3d
0,       1493,       1493,        1,  3110400, f87a5294747319a14dd007f94a8f8811
0,       1494,       1494,        1,  3110400, c8125889e3e9b416b995b742e3de5604
0,       1495,       1495,        1,  3110400, 090683f30e58d1378b1524a52a1dd73e
0,       1496,       1496,        1,  3110400, 5bf1a486c7494e03aeb75b68ac6f69c4
0,       1497,       1497,        1,  3110400, 16744b64e53f19873dc152979e766f83
0,       1498,       1498,        1,  3110400, 461ea0cbf259b48e74b4fd1626a393b2
0,       1499,       1499,        1,  3110400, e2b02546ff7810c311e81c248986a07b
0,       1500,       1500,        1,  3110400, d547cd8c7c52f71a412f8de6af1b2529
0,       1501,       1501,        1,  3110400, 3b11863a204ab9ed4e1e7df360bab6b1
0,       1502,       1502,        1,  3110400, 3b11863a204ab9ed4e1e7df360bab6b1
0,       1503,       1503,        1,  3110400, 7ee429be1ec62056dcd98062fa007c93
0,       1504,       1504,        1,  3110400, 24635a96f2b3e7cdb80371751c1b9f00
0,       1505,       1505,        1,  3110400, 86a05be2b7d9530227d2b3b23440c941
0,       1506,       1506,        1,  3110400, 11dc8e1d323d7fc55a5575b98dfdd83e
0,       1507,       1507,        1,  3110400, 10ee939515ac7b545c234d47c9689f6a
0,       1508,       1508,        1,  3110400, cf55afcf4c15f6c79e25fcffab097adf
0,       1509,       1509,        1,  3110400, 63c92d7d2ba6e3ba60fcdd494cc6e20a
0,       1510,       1510,        1,  3110400, b86b7beb08f86d4784c865086f30e83f
0,       1511,       1511,        1,  3110400, 6be7aedff1107efac60b29d2d59a3e7e
0,       1512,       1512,        1,  3110400, 24ad47838cc6a263ab106bbb34417c7d
0,       1513,       1513,        1,  3110400, ae088a92ad3add0e3a7551a57f28d406
0,       1514,       1514,        1,  3110400, 3ee10bf3fd0c5772cba59ad8e0a40723
0,       1515,       1515,        1,  3110400, 71e487a2ddf640452081975e56141526
0,       1516,       1516,        1,  3110400, edddcea7d1ae01ac71e0e07a473c595b
0,       1517,       1517,        1,  3110400, 5075256e79b853e2948882ac74f40710
0,       1518,       1518,        1,  3110400, 0d804afaf14f94199b8d98bea04821f2
0,       1519,       1519,        1,  3110400, 9d108c81389d818a867818ee45a8f0ed
0,       1520,       1520,        1,  3110400, 075380e7e86516e16bea01eb97d1121f
0,       1521,       1521,        1,  3110400, 9b49cff3cf8d1c48428dbd87dd3508a4
0,       1522,       1522,        1,  3110400, 42600d804734c6e844bb0e207985ab55
0,       1523,       1523,        1,  3110400, 12e9130d1009171284922141664caee6
0,       1524,       1524,        1,  3110400, 60a69788e7c31e8aaff3163675773e8f
0,       1525,       1525,        1,  3110400, 2726711d8c1fabb77a4b41540a98b826
0,       1526,       1526,        1,  3110400, 56528277097cf1ae47390b7df93eccff
0,       1527,       1527,        1,  3110400, 63a25c8f1d69effe1e58a3fc423376df
0,       1528,       1528,        1,  3110400, f7d07100b1aab0746b774ce3c6b84649
0,       1529,       1529,        1,  3110400, e6d6835aa59f5876042f07e7eac12c4a
0,       1530,       1530,        1,  3110400, e581be5132293bbbf16379655cdc0ae0
0,       1531,       1531,        1,  3110400, 28166a139624699e53366765d7fd6858
0,       1532,       1532,        1,  3110400, fe4853e0ec8c97c09dad197f3e010716
0,       1533,       1533,        1,  3110400, 6b2514ee582e3196a3f555f414e89412
0,       1534,       1534,        1,  3110400, 0aa2cf7ea784a30238d022672982aae5
0,       1535,       1535,        1,  3110400, 0c2c97d2d7af5e25124550b9ad45d4a7
0,       1536,       1536,        1,  3110400, 89473e8c47a2fee8ecf0ab3d2650923a
0,       1537,       1537,        1,  3110400, 9f637aaa403f82a18daf40be75778454
0,       1538,       1538,        1,  3110400, 8a319b96daa829dbc20214ad06a37bda
0,       1539,       1539,        1,  3110400, 72436b36423d3dd93c2adc9d932e4b24
0,       1540,       1540,        1,  3110400, 2dd3151257785d5ad14562e17314cae9
0,       1541,       1541,        1,  3110400, 5798f32e050c0dcb91d6462da0bb289c
0,       1542,       1542,        1,  3110400, 4a95c7e2cd532d247c6ba949495fa081
0,       1543,       1543,        1,  3110400, 53d7f3876e140b0c3cc40da6b413b7ae
0,       1544,       1544,        1,  3110400, ecca74ae59c576464805cf6fb3b6188f
0,       1545,       1545,        1,  3110400, c28315dec14dd274b618c3f6fca771fb
0,       1546,       1546,        1,  3110400, 0a934a306ed1f10fc9a632ea58312ddb
0,       1547,       1547,        1,  3110400, d7cf9e7df441dc1207e50a1d2a7c9311
0,       1548,       1548,        1,  3110400, 8dd17664f3880fb356ad0dac5b79939b
0,       1549,       1549,        1,  3110400, b0fac2e72f1b1419cff6c82fb8527389
0,       1550,       1550,        1,  3110400, 9aafff0fc445e058f6cfcdc7152d0e97
0,       1551,       1551,        1,  3110400, c18c271c2ab36454144465e1a004ecf7
0,       1552,       1552,        1,  3110400, 7546ccade7e2a80713e6a8bc4d3ddba4
0,       1553,       1553,        1,  3110400, fd1caa9908d9a4216082bfa87ae1c2b5
0,       1554,       1554,        1,  3110400, 4e11f9edb59036ed113f90a39301c58a
0,       1555,       1555,        1,  3110400, d785b273935b74aecf21df17de6c3fa0
0,       1556,       1556,        1,  3110400, c732093ecdc405f8112e670ad924d3e8
0,       1557,       1557,        1,  3110400, a47f56052490fff543135b18a0cbe429
0,       1558,       1558,        1,  3110400, 94b2844c897d729a45a36af596ebd3c1
0,       1559,       1559,        1,  3110400, efa29c6c1adfbaeb39a66d4113fb15cd
0,       1560,       1560,        1,  3110400, 008eb386cc4ed11fbe8df7d22524a834
0,       1561,       1561,        1,  3110400, 9414e5a6acb8dcf5654d67ca04cc76a5
0,       1562,       1562,        1,  3110400, 454b50ec5141b477aa98d64935f4aef0
0,       1563,       1563,        1,  3110400, 919585dfbe9c03d2a3d222983eca186e
0,       1564,       1564,        1,  3110400, d1709f812f0725a1d6bb44f5f50c6f05
0,       1565,       1565,        1,  3110400, 235cad2241e9fadbd42a84aacf4fa614
0,       1566,       1566,        1,  3110400, 1823e88d8a2c180f485aae586b4fd4c1
0,       1567,       1567,        1,  3110400, 0d4a2083e0af1e1e3698eede0fda05fe
0,       1568,       1568,        1,  3110400, 7567b0826e8641f91f0e4e63400f49db
0,       1569,       1569,        1,  3110400, 03bb06e2ec75ca3a4d851529fb78a1a5
0,       1570,       1570,        1,  3110400, fe84ea92d28571d9141efeb2b4979efe
0,       1571,       1571,        1,  3110400, dc9f47bdb1321b7334e786d58f6a94ee
0,       1572,       1572,        1,  3110400, b7194ed2e57a5b5b8e82e2ea73a2d1f4
0,       1573,       1573,        1,  3110400, e593e25d3e26207dbef577e11b33c561
0,       1574,       1574,        1,  3110400, e593e25d3e26207dbef577e11b33c561
0,       1575,       1575,        1,  3110400, 0f070f9940adc6845e6ba0d4078d4768
0,       1576,       1576,        1,  3110400, aaa7fa9dea2fd44319eb2c49cc0e2cb6
0,       1577,       1577,        1,  3110400, a9711296d4952b3c036339d1a8f5d7ba
0,       1578,       1578,        1,  3110400, 5f7008b8c5078208077f30fe42a8a31d
0,       1579,       1579,        1,  3110400, 0b3d467c5ac2e7eeb711e7b4163be136
0,       1580,       1580,        1,  3110400, f651f29c61d2ac249922d19c055c9fef
0,       1581,       1581,        1,  3110400, 4ddd027764d0154d3c9c074fed0b86ea
0,       1582,       1582,        1,  3110400, f884e313ac3a4be21010874e50ae2f9b
0,       1583,       1583,        1,  3110400, 1c0b91e1dce9f4da07a190ad727a0260
0,       1584,       1584,        1,  3110400, 28d52d496965172374b3d1bae3fec84c
0,       1585,       1585,        1,  3110400, 70be94a86cbfbb765ce85328e862dba8
0,       1586,       1586,        1,  3110400, e32a2807211209e10053fbbb55c8b6cd
0,       1587,       1587,        1,  3110400, 3a90167643e8df13d770bf219f804936
0,       1588,       1588,        1,  3110400, a9c7856215ca7b186f41925ba57a3297
0,       1589,       1589,        1,  3110400, b097d30e9d694805932c09b228b936e1
0,       1590,       1590,        1,  3110400, 60eef76c7b807066922eedfef5f5d6c9
0,       1591,       1591,        1,  3110400, 05020d0b2a2e5b60d4a7c81ef33b5b2a
0,       1592,       1592,        1,  3110400, 05020d0b2a2e5b60d4a7c81ef33b5b2a
0,       1593,       1593,        1,  3110400, 02581565f550fb101bcd7931c08e186b
0,       1594,       1594,        1,  3110400, 1378eae51760598e1ee097c24ac4bd4d
0,       1595,       1595,        1,  3110400, 127b63f3a182b064d32a1a610a20a901
0,       1596,       1596,        1,  3110400, 6cc4818528bbea18173048d850140a43
0,       1597,       1597,        1,  3110400, d5684be326e5a1bae6aab94912528a65
0,       1598,       1598,        1,  3110400, 139bc7bb3a708729393a4948db3d2cf7
0,       1599,       1599,        1,  3110400, 738d8fc706f11d88ef4c6d0ed0390f2e
0,       1600,       1600,        1,  3110400, b579971c24b71e86c3b0312ff05b1efc
0,       1601,       1601,        1,  3110400, 0a91c340e0128f5c1d0d784c5c72a083
0,       1602,       1602,        1,  3110400, 4b5d08f8b211fae3782eb1b93c078a32
0,       1603,       1603,        1,  3110400, 4288035c2521b184e6109c2af900950d
0,       1604,       1604,        1,  3110400, ab998b119c137a3fbd3febadf1d20a8b
0,       1605,       1605,        1,  3110400, 35922573aca6c1a877d66004c5103207
0,       1606,       1606,        1,  3110400, de35214d0fc1e4705d91e79b5f21b39a
0,       1607,       1607,        1,  3110400, 30441b01a7ed0b498a47804aab6d146d
0,       1608,       1608,        1,  3110400, 5e438f7fdeb2c5d397846c27d43f9e7a
0,       1609,       1609,        1,  3110400, 38bda73bcbf93fd06b40f33b7fdc4b23
0,       1610,       1610,        1,  3110400, 38bda73bcbf93fd06b40f33b7fdc4b23
0,       1611,       1611,        1,  3110400, 7c7694bb173ddb69777508489be00dde
0,       1612,       1612,        1,  3110400, 20914a106249216463a89c65de161124
0,       1613,       1613,        1,  3110400, 1e69e02603bcc7f47e0852c5dbada442
0,       1614,       1614,        1,  3110400, f407805d29515404532cc8a64583fc84
0,       1615,       1615,        1,  3110400, fb2aa99a05e1409b079535f43b6e8c08
0,       1616,       1616,        1,  3110400, fa4b8e87f6fe64c5a9d791dbd46b020a
0,       1617,       1617,        1,  3110400, 765edc3ad84f6733440d62584eb7a338
0,       1618,       1618,        1,  3110400, 474e38df077209331bef90dd19fab031
0,       1619,       1619,        1,  3110400, 304c27eff61b05debf2d96fe2157bd9f
0,       1620,       1620,        1,  3110400, 372bdce518d90594a48d8991c53a2a12
0,       1621,       1621,        1,  3110400, baf799a0b1e97f2ae63adcee539995dd
0,       1622,       1622,        1,  3110400, eb26fdd52110b139b2273aa771ba1893
0,       1623,       1623,        1,  3110400, f26c13e45c0db6b9d94109b6976db15c
0,       1624,       1624,        1,  3110400, 8c84b9f3f274a2cc11e84dd1986830fd
0,       1625,       1625,        1,  3110400, 29f4a9b52c4ce1e93b3dc3d05627e85b
0,       1626,       1626,        1,  3110400, 1eaadb156f5a2f691fe611fe649c3285
0,       1627,       1627,        1,  3110400, dd5df2a885e970f549d596a020f4b4fc
0,       1628,       1628,        1,  3110400, 13161b7ead8d6718f0b5587fe6c0fb83
0,       1629,       1629,        1,  3110400, 758fbbd8335eb80faa350a44bd305463
0,       1630,       1630,        1,  3110400, d95d3b1ec2cbd59ec32f5de7f6325b91
0,       1631,       1631,        1,  3110400, 7099af8fe52a085d235bdc6198e684a1
0,       1632,       1632,        1,  3110400, 03fcaae5a0ff8c69c4090bab29388502
0,       1633,       1633,        1,  3110400, db6007240a6e02773257ee2b659136d6
0,       1634,       1634,        1,  3110400, 15365b5dc521ffae4ed38aacea5da2c4
0,       1635,       1635,        1,  3110400, b11e3f7a4fe316f6358141e4987f1b85
0,       1636,       1636,        1,  3110400, 4809bc0bd8ccd24cd6bfc58d490aa2cc
0,       1637,       1637,        1,  3110400, 562580563e402df40b84230dd3316370
0,       1638,       1638,        1,  3110400, e340f91f0ff8a288b7c9051908f9e106
0,       1639,       1639,        1,  3110400, dfe9a25dca89629cce8bc9d2e7c8fe3e
0,       1640,       1640,        1,  3110400, bb62942ea9e685288f39740123a731ec
0,       1641,       1641,        1,  3110400, fa1efd995e816796a370fe7af2531f5a
0,       1642,       1642,        1,  3110400, f13fa703b2e6b0d2fd411277665d3546
0,       1643,       1643,        1,  3110400, 26e10a9eac01f48398f28e5bf01ef456
0,       1644,       1644,        1,  3110400, e0619d1793b6b8bcbd96cc963fb1e5c8
0,       1645,       1645,        1,  3110400, 2dba452cfc71972677768cbdc2a539b8
0,       1646,       1646,        1,  3110400, 65af572888c4ec84aa67ec68ec5df269
0,       1647,       1647,        1,  3110400, 972439822c97c77e0ea03d80b4a46043
0,       1648,       1648,        1,  3110400, 1385a389831f673b54064807d3593cf2
0,       1649,       1649,        1,  3110400, bf02693f19f934e8e704ae7c6293d45c
0,       1650,       1650,        1,  3110400, dc8b475ffebd14a1b0abcc912cfbe874
0,       1651,       1651,        1,  3110400, c84eb29960802e9a3acff1b7e41891f8
0,       1652,       1652,        1,  3110400, c6c0d11dab463a985c0c814070e1f6e6
0,       1653,       1653,        1,  3110400, 2898019b448b677cb2adb2d7188b9488
0,       1654,       1654,        1,  3110400, 1a8f8d4c1da81790f94e0cdd1599712a
0,       1655,       1655,        1,  3110400, 707ade1e2c26adea6b1ca60896264fe5
0,       1656,       1656,        1,  3110400, d13d736c9b91fb842db3eb2e1676adfd
0,       1657,       1657,        1,  3110400, f09ca5a3ff670f8fba44d83799611f14
0,       1658,       1658,        1,  3110400, a5d3b6b418dc6bd15e35007b811715cb
0,       1659,       1659,        1,  3110400, 51362c86b08a0461cf3e37a6510e05ce
0,       1660,       1660,        1,  3110400, 519e6ecfe43349f7965668feb97c872a
0,       1661,       1661,        1,  3110400, bc642ef7af5cc2c45f10ce934b8d4ce6
0,       1662,       1662,        1,  3110400, 672044913ef14ebf4bbc5f0e47c98e55
0,       1663,       1663,        1,  3110400, aaf165f325ddafc2521a92c58da1d42f
0,       1664,       1664,        1,  3110400, 1a5e9764e7afe809c6201a288fdfd63b
0,       1665,       1665,        1,  3110400, ccbbc3224af0ee8d1832159ecb2dcab3
0,       1666,       1666,        1,  3110400, 8942dbf5d17c010164421380a6378f47
0,       1667,       1667,        1,  3110400, 8942dbf5d17c010164421380a6378f47
0,       1668,       1668,        1,  3110400, f5809800e7235b1240d31dc4e3bdb897
0,       1669,       1669,        1,  3110400, 7c7a4bede0d794da3ce897754ed53f3e
0,       1670,       1670,        1,  3110400, 86526c4bbaa0732e61c5f1870e9db897
0,       1671,       1671,        1,  3110400, 37aa9437b29b4e8b60621e468b0e7057
0,       1672,       1672,        1,  3110400, 556f1ff563a631056b6e729e3f121f0c
0,       1673,       1673,        1,  3110400, 6c089a49da63ab7c64c4a54d5654a0b1
0,       1674,       1674,        1,  3110400, 11cb5e7982d6c37f772cb14cd79faff8
0,       1675,       1675,        1,  3110400, fad50b4e04fcc58cf1d7f96585c0e7c3
0,       1676,       1676,        1,  3110400, da2ca609683957302b853222f8eca93c
0,       1677,       1677,        1,  3110400, 1e122f5e0ee28ce1b4090d9bb32e350d
0,       1678,       1678,        1,  3110400, b97b95b62f85e1755e0de7897f64f7ac
0,       1679,       1679,        1,  3110400, b477b9e5c60727314821124b6855ec60
0,       1680,       1680,        1,  3110400, 1552d547974ab530f0c95f6d1f120b92
0,       1681,       1681,        1,  3110400, 2f415e686481cbf7f2cd3c6cf3039a86
0,       1682,       1682,        1,  3110400, 7a965709f8b84a42c4edfc4de30db65b
0,       1683,       1683,        1,  3110400, eeb75fade7b6c0a13fcbff7e99542863
0,       1684,       1684,        1,  3110400, fe03fe61de4c6f7e591b858d732c9b1e
0,       1685,       1685,        1,  3110400, 806420437bf37c933c0811e854695299
0,       1686,       1686,        1,  3110400, 1463947f5a22f12e4d2321d1d360d416
0,       1687,       1687,        1,  3110400, b1c73ca1a914983254f74dbca6525e21
0,       1688,       1688,        1,  3110400, dce42fbd275495f6cf36601b96a3134a
0,       1689,       1689,        1,  3110400, b45532be326f07ca9df053b16a631f2d
0,       1690,       1690,        1,  3110400, 65c820dce4723ef68f398e217e33b964
0,       1691,       1691,        1,  3110400, 03c2daa4e1e92b45c01c328b6521017f
0,       1692,       1692,        1,  3110400, 2d02d5ee38ee6b7736d4b5b6ce9a9b9c
0,       1693,       1693,        1,  3110400, 95e45626f01f84d2a9aa4b171944f7fa
0,       1694,       1694,        1,  3110400, b60fdad0b11c0809a548128744e2f681
0,       1695,       1695,        1,  3110400, afea41dccb295b3a0b44c33e317591d9
0,       1696,       1696,        1,  3110400, 2087ecb26b9918a3d9f61ae1289f14d0
0,       1697,       1697,        1,  3110400, abb4bef1432ef44486eb0cfb8a68b8cf
0,       1698,       1698,        1,  3110400, b4b683cb5f63b74797d35c3b7a39c3bb
0,       1699,       1699,        1,  3110400, 310ff51abb11c6f82fa8a4ce0579777c
0,       1700,       1700,        1,  3110400, 30e777119b0e3a3a205a9c5b5b5364f8
0,       1701,       1701,        1,  3110400, 1b5367f5f6f0b3b4279a01ae0ee6f87c
0,       1702,       1702,        1,  3110400, 4672e24e3fefb66a26692225282b1028
0,       1703,       1703,        1,  3110400, 8b783827c76ad773b1a2adca94ec593b
0,       1704,       1704,        1,  3110400, a45794c7d2551409a70ed138812645a8
0,       1705,       1705,        1,  3110400, d9adbe1b1af5530f3c230b7346a4cc60
0,       1706,       1706,        1,  3110400, ad6777792fef80c70b1e6429e8039ec2
0,       1707,       1707,        1,  3110400, 13379ee1fb5f2b275d832f3aed3884ca
0,       1708,       1708,        1,  3110400, 00963cd0ac9e7704a6f27b38dd6c7434
0,       1709,       1709,        1,  3110400, d1c31686e5f863334ae74f7a3210a7c4
0,       1710,       1710,        1,  3110400, 8b35dae85daf277734c50941081e41cc
0,       1711,       1711,        1,  3110400, 8e80b92e5aacfb66e9120005c0871e1c
0,       1712,       1712,        1,  3110400, 246256a94c2a4447113392229f9f2379
0,       1713,       1713,        1,  3110400, d527955472e8a5ddf53c4bf9a2e0b61e
0,       1714,       1714,        1,  3110400, 72bd867671e872c1249c4af7276d8a04
0,       1715,       1715,        1,  3110400, f1554f9e7ecec966619540b1b9ac822e
0,       1716,       1716,        1,  3110400, ba79e86366320369b636fc354425a7e6
0,       1717,       1717,        1,  3110400, a26cb66821e604a1d1f3fe1580ff5d89
0,       1718,       1718,        1,  3110400, ad8922a17028e93b5381e41927bade4c
0,       1719,       1719,        1,  3110400, 50f2392ea098f10964e4f635f99d7f95
0,       1720,       1720,        1,  3110400, 317c517ffccef99988d918c2eddd9466
0,       1721,       1721,        1,  3110400, 7b1c047a19e2ef35d4f7f1ef9965bc56
0,       1722,       1722,        1,  3110400, fd72a5d1e58b475bc48180e1debed9f9
0,       1723,       1723,        1,  3110400, 53b2a097bd11db44c951b908d5834b56
0,       1724,       1724,        1,  3110400, 5bebac96bd9fe5eb05a37e093d73abc9
0,       1725,       1725,        1,  3110400, ba32c293986dbb62f2321640596af25e
0,       1726,       1726,        1,  3110400, 87b69b5f7a39bf0d579ea5816208d4c9
0,       1727,       1727,        1,  3110400, b4d8765cd2bebbe6b98d632db843943b
0,       1728,       1728,        1,  3110400, a64a65df5267cbdc44c51781ba56c371
0,       1729,       1729,        1,  3110400, 994e07393f9d97896b5abda7bb658708
0,       1730,       1730,        1,  3110400, 4982a30737ff4a9078410a576eb8528e
0,       1731,       1731,        1,  3110400, f44e5b191e98ddff054e033c81b87e47
0,       1732,       1732,        1,  3110400, 821af984d8fa016baeb161f0cbf8cbfb
0,       1733,       1733,        1,  3110400, e91329180a146631bc71f7cc9548d17f
0,       1734,       1734,        1,  3110400, 96606535a62a4b3c1cf0476f2e93840e
0,       1735,       1735,        1,  3110400, daaffc04f8b7983bc73233c663b4394b
0,       1736,       1736,        1,  3110400, fd09b8bda8fe485efef64ad69422afd3
0,       1737,       1737,        1,  3110400, fb93eae6c8ac87ddb9a4585a1660f72f
0,       1738,       1738,        1,  3110400, db908919f7a1bd50caf82ac42579137f
0,       1739,       1739,        1,  3110400, 41eeab764746a228f091cbaf7cb65037
0,       1740,       1740,        1,  3110400, c65ed185ff8d424a0ddf9087aece94ac
0,       1741,       1741,        1,  3110400, 10f752993efdf39b6191a86941c5fbd3
0,       1742,       1742,        1,  3110400, 10f752993efdf39b6191a86941c5fbd3
0,       1743,       1743,        1,  3110400, 927e087bfef3dd79fa4f8da1bafb0edc
0,       1744,       1744,        1,  3110400, 44dee906898167572052ecee28f598d8
0,       1745,       1745,        1,  3110400, ec1a5b8d80f73edd9340bb37e7c6fa67
0,       1746,       1746,        1,  3110400, b6b364cae3755b3ad599682dd1b79d4c
0,       1747,       1747,        1,  3110400, 8233397f0b0eaf70d19349045570f595
0,       1748,       1748,        1,  3110400, cf55bee5efcb713f3fb2e8051ab3d4e4
0,       1749,       1749,        1,  3110400, 8bbaaef523f3b85a1778f64c6eff3a27
0,       1750,       1750,        1,  3110400, ab95cfd01697980a5713c84ed2bca987
0,       1751,       1751,        1,  3110400, ec9d5c7ff04f8a1d3d3c94c6215586b4
0,       1752,       1752,        1,  3110400, 69436f04b14a37a99152dcf2cd956036
0,       1753,       1753,        1,  3110400, df13edabf7d5639910f631246802a339
0,       1754,       1754,        1,  3110400, d75f5f613bbfee1ee36ee6f8327607f3
0,       1755,       1755,        1,  3110400, e7baf00bc0caf6ce2f14658a31f7025f
0,       1756,       1756,        1,  3110400, c465e6f10f1cc54f30be9dc3d3bba618
0,       1757,       1757,        1,  3110400, 7028c70add94afaa78680b1650808e23
0,       1758,       1758,        1,  3110400, 5ca98102b993d9cb98dc4337924d8814
0,       1759,       1759,        1,  3110400, 3f586b37979b44d3e2221dd71d249d7f
0,       1760,       1760,        1,  3110400, 63594b641b86eaee6b28e9c8837e7ffb
0,       1761,       1761,        1,  3110400, de7b13acea582f2cd46f039210fd5933
0,       1762,       1762,        1,  3110400, 62548ebc3c6ec7b8c094582e1c329d3e
0,       1763,       1763,        1,  3110400, 31b4e43114cc120176d4ce2ab4c0e4fc
0,       1764,       1764,        1,  3110400, 2cb431a9ba9b170e6072a9f670177979
0,       1765,       1765,        1,  3110400, cef380d564913b018fbc130e700eab27
0,       1766,       1766,        1,  3110400, 618bff3ffbc27970922b334b4fc2b877
0,       1767,       1767,        1,  3110400, 0462d187e68378f62f0f74eff6b30ae5
0,       1768,       1768,        1,  3110400, b170d4d1c8c02336337b5872194e19a9
0,       1769,       1769,        1,  3110400, b170d4d1c8c02336337b5872194e19a9
0,       1770,       1770,        1,  3110400, 57ebe1e1986b9e700b1f9a1c6400c027
0,       1771,       1771,        1,  3110400, 8eb24d51a65199c6d3c64d31c5e884bf
0,       1772,       1772,        1,  3110400, c493660004c1766c6efcd335dcb157b7
0,       1773,       1773,        1,  3110400, 062eb8259d8978aa7fe663677035a86e
0,       1774,       1774,        1,  3110400, ddfefa6eda569e56c7e0bb11c0e67261
0,       1775,       1775,        1,  3110400, 59ce06d739ffd32c134ad2ca9df4cf23
0,       1776,       1776,        1,  3110400, 6272e83bf06171f740a7de15898b2d4c
0,       1777,       1777,        1,  3110400, a7d8789d16f91bbb4a59e5087990fc5b
0,       1778,       1778,        1,  3110400, a7d8789d16f91bbb4a59e5087990fc5b
0,       1779,       1779,        1,  3110400, f9534052f7f686aa5bf2ceb27d329ceb
0,       1780,       1780,        1,  3110400, 2af0f7431b593fd493ef4e97a1823c89
0,       1781,       1781,        1,  3110400, 9b804354f47350d704a8c44513197c2e
0,       1782,       1782,        1,  3110400, 62614fe6e8750cd8fbe60ed9bf931d4b
0,       1783,       1783,        1,  3110400, 32ba481fc4048e2fdb75c59a0957d286
0,       1784,       1784,        1,  3110400, 87b567760703e5bf84f8cfa39d9c6c31
0,       1785,       1785,        1,  3110400, fd03509b189961a063ec11932f12ade8
0,       1786,       1786,        1,  3110400, ba6cb3ea293ea908797ff5f152cd8c19
0,       1787,       1787,        1,  3110400, cfac9761d7211a73ba15dc22705437e0
0,       1788,       1788,        1,  3110400, eac3ae10bf9441b9a3ab012eb30c59be
0,       1789,       1789,        1,  3110400, 8d703242c50bc1ef6e9ca890db7d093a
0,       1790,       1790,        1,  3110400, 8d703242c50bc1ef6e9ca890db7d093a
0,       1791,       1791,        1,  3110400, 4ebd209658cf397d995d2b6e3a2aeb4e
0,       1792,       1792,        1,  3110400, 7658568f13652410e44a32a3c80d5ada
0,       1793,       1793,        1,  3110400, c55620cf3b8846bfe48755384a1104e7
0,       1794,       1794,        1,  3110400, 284c31ccee572dd3e34b81fc4b6972aa
0,       1795,       1795,        1,  3110400, 1addd6fc25bceb5a356293c8a9096331
0,       1796,       1796,        1,  3110400, 9acf64f4ccb33512c8a520857b9f43c4
0,       1797,       1797,        1,  3110400, c536c04463d83d5dc3af88469390e699
0,       1798,       1798,        1,  3110400, d340ef0571f64b5c5a62ab6214c89cf5
0,       1799,       1799,        1,  3110400, 44b44205888ca05fe0441447a665f577
0,       1800,       1800,        1,  3110400, a1ce0995bbd10bcb0669fdef557eaec8
0,       1801,       1801,        1,  3110400, 799286ed556c3c9ebdfd87c3b76bdd99
0,       1802,       1802,        1,  3110400, e622107673993bfb0da39a8a99753314
0,       1803,       1803,        1,  3110400, 511586bca619968d798032c3365beae2
0,       1804,       1804,        1,  3110400, dc1aa3e69910470f6e1241dc9fa45eb1
0,       1805,       1805,        1,  3110400, 8aba1aa9b918a589ab7171f7438c8470
0,       1806,       1806,        1,  3110400, 7ddf84a389951856a705425c44314394
0,       1807,       1807,        1,  3110400, 802b550b2e235578fab52e4400fcecf4
0,       1808,       1808,        1,  3110400, 975a8e68ebbc00d3155e2a1bcda2b49d
0,       1809,       1809,        1,  3110400, df0907ce831eab1d7561f3b5958d2a10
0,       1810,       1810,        1,  3110400, ca52e6a617de6f6cab5541db8459ce2f
0,       1811,       1811,        1,  3110400, 1cf8d764c60f75086497815db1878256
0,       1812,       1812,        1,  3110400, fe135892cbb8a88ed8b261beaacbedaf
0,       1813,       1813,        1,  3110400, 33d8e9146018f9e89883bcedc32bd646
0,       1814,       1814,        1,  3110400, 0678d54ceda8f88ed5d6ee7363569d4a
0,       1815,       1815,        1,  3110400, 29b65d3b06582626402ff5e142af1aa9
0,       1816,       1816,        1,  3110400, cf57581216ad89dfb5dfe6fc8d8b7566
0,       1817,       1817,        1,  3110400, 06ee7ef2057ac17651adcd83f6035cc6
0,       1818,       1818,        1,  3110400, 90847437da13d3f0c46e4bdf765aac1f
0,       1819,       1819,        1,  3110400, 3aeb1b042d6b5f47e7704e9ff47721b5
0,       1820,       1820,        1,  3110400, 3aeb1b042d6b5f47e7704e9ff47721b5
0,       1821,       1821,        1,  3110400, b9d7135d62c01327807ef4985b7be2d9
0,       1822,       1822,        1,  3110400, e6efb9cf69ec598ef3759659963ce4a5
0,       1823,       1823,        1,  3110400, e6efb9cf69ec598ef3759659963ce4a5
0,       1824,       1824,        1,  3110400, aa474d860fbf3ccf9f3340f601e217fe
0,       1825,       1825,        1,  3110400, 4f28b7dedc560c6b1ec98ebab114b371
0,       1826,       1826,        1,  3110400, d6aac0384400e0721e6f6ff24753c738
0,       1827,       1827,        1,  3110400, e27a60098156b2837eb2647c83f16aef
0,       1828,       1828,        1,  3110400, 8a526f8d5123863fbfc2fe8ff1d59e08
0,       1829,       1829,        1,  3110400, 9bb171a7dd2fe8e4ff59ad9d7a445870
0,       1830,       1830,        1,  3110400, 608808c8c6effbbe6067069a1366948b
0,       1831,       1831,        1,  3110400, 78301c79dfa9af01ceab25ac8fcb2dd1
0,       1832,       1832,        1,  3110400, 2b4f14cd4eb9846da2c1167a7dfec1ff
0,       1833,       1833,        1,  3110400, 977908c368c5286bd791df0630a38eb6
0,       1834,       1834,        1,  3110400, 696f038fd74bafb89f87c99342d38853
0,       1835,       1835,        1,  3110400, 3ec81199ebab8e667a31579d1ec47705
0,       1836,       1836,        1,  3110400, 193193f6e873091ac63b444a1821582d
0,       1837,       1837,        1,  3110400, 56e590e8840ed212d0e5d2c35e10d7ab
0,       1838,       1838,        1,  3110400, 57e1dc7b4a712ad5c7c066dc7fb0efa9
0,       1839,       1839,        1,  3110400, 364359d211d5d90a7e69558fde7cc42d
0,       1840,       1840,        1,  3110400, ded21425736e1c3c62bddace7d3eb0fe
0,       1842,       1842,        1,  3110400, 5a1268abf4d9135b6c37ccb26ca80ebf
